"tweet","comportamental","fisiologico","psiquico","dhTweet","idUsuario","validadoEspec","idTweet"
"@thaixhonorato Eu fui até pesquisar pra ver se o Tony Guerra e outros aí estavam com depressão","FALSE","FALSE","FALSE","2019-09-11","enegreci","TRUE","35"
"O clima não está propício a nad (A Proposta - Frédéric Soulacroix) https://t.co/qv2aVS0rGK","FALSE","FALSE","FALSE","2019-09-18","Artes_Depressao","TRUE","2501"
"Que o pessoal tenha mais amor, compaixão, afeto, carinho e ACIMA de TUDO RESPEITO. Não é fácil viver com a depressão. Vocês já pararam pra pensar quantas pessoas já cometeram suicídio por conta disso? É né, creio que não pelo simples fato de vocês não ligarem pra essas pessoas","FALSE","FALSE","TRUE","2019-09-18","alomendes_","TRUE","2502"
"Animado para o UFC SP, @JacareMMA diz que cogitou se aposentar por conta de depressão: ‘Ia dormir 4h da manhã’ https://t.co/NeaDQCp0on https://t.co/TVntzrdvYC","FALSE","FALSE","TRUE","2019-09-18","TATAMEMAGAZINE","TRUE","2503"
"Eu tento o máximo não ter pensamentos suicidas, mas não dá, tem dias que não dá. Eu cheguei ao ápice da minha depressão. Pra quem sempre ajudou todo mundo, pra quem sempre quis ouvir, dessa vez sou eu quem precisa de ajuda","TRUE","FALSE","TRUE","2019-09-18","MariRonalducha","TRUE","2504"
"falam tão bonito sobre depressão, mas ajudar o próximo que é bom nada","FALSE","FALSE","TRUE","2019-09-18","_gaarin","TRUE","2505"
"@By_exoplanet_Ah Pior que vira um vicio mesmo são tão lindos que nossa, ainda não tive a oportunidade de comprar uma lightstick pq sempre dá esgotado, mas espero poder um dia.","FALSE","FALSE","FALSE","2019-09-19","Kboxian22","TRUE","2652"
"cheguei super atrasada no trabalho por causa dessa bosta de insônia que tá me corroendo. capaz de rodar aqui tbm e ai pronto, só faltava","FALSE","TRUE","FALSE","2019-09-19","mariavitoriabs_","TRUE","2653"
"taeyong SEMPRE se esforça em tudo no que ele faz, sempre se preocupa e cuida dos membros. é super talentoso, é um rapper e dancer incrível, vive no estúdio e sempre tenta fazer live ou selca. ele tá EXAUSTO e CANSADO, isso é obviamente NÍTIDO @SMTOWNGLOBAL #SMProtectYourArtist","FALSE","FALSE","FALSE","2019-09-19","Ieetaeyvng","TRUE","2654"
"Ultimamente tenho tido muita dificuldade em adormecer, mesmo quando estava de férias, algo que nunca me aconteceu","FALSE","TRUE","FALSE","2019-09-16","claudiafro81","TRUE","2684"
"Não consigo ter motivação pra me esforçar, eu sinto que posso fazer muito melhor do que eu faço, mas não tenho a mínima vontade, e só a ideia de me esforçar já me deixa exausto","FALSE","TRUE","TRUE","2019-09-19","_fernandezmuri","TRUE","2685"
"Vamos falar sobre suicídio e depressão 
#SetembroAmarelo https://t.co/t1a4vT4tss","FALSE","FALSE","FALSE","2019-09-12","JadFormighieri_","TRUE","6"
"eu te amo namore cmg agr..... — naoda tenho depressao https://t.co/8D4dxJ8J0f","FALSE","FALSE","FALSE","2019-09-12","wrdfngrs","TRUE","7"
"fui ver a reportagem sobre depressão agora to chorando na merda","FALSE","FALSE","FALSE","2019-09-12","intwblood","TRUE","8"
"não sei vcs, mas no meu caso, geralmente, a depressão me faz ter momentos curtos de euforia; tipo, sair pra um rolê… https://t.co/3HccG4lE9o","FALSE","FALSE","FALSE","2019-09-12","saidaquimeu","TRUE","9"
"@hiperbolar Foi sobre saúde mental hoje. Uma mãe com depressao dizendo que tinha que ser forte na frente da filha, mto forte.","FALSE","FALSE","FALSE","2019-09-12","giovannabcb_","TRUE","10"
"Além da depressão: transtornos mentais são a principal causa de suicídio 
Dados da Associação Brasileira de Psiqui… https://t.co/XLrDDB6ViA","FALSE","FALSE","FALSE","2019-09-11","localdoseguro","TRUE","18"
"Lembre-se sempre, quem tem depressão não vem com uma plaquinha avisando!","FALSE","FALSE","FALSE","2019-09-11","Rayanne_189","TRUE","19"
"Crises de ansiedade Depressão Tô me afundando e n sei como me recuperar","FALSE","FALSE","FALSE","2019-09-11","bella_nanda1903","TRUE","20"
"Muitos dizem q depressão é frescura,mas poucos sabem oq a pessoa tá passando,oq ela tá sentindo..ent parem de falar… https://t.co/1pEUbp71qu","FALSE","FALSE","FALSE","2019-09-11","daaysilva0","TRUE","21"
"hj vai passar uma materia sobre depressao no globo reporter, ja to ate vendo o tanto q vou chorar","FALSE","FALSE","FALSE","2019-09-11","aomagrinha","TRUE","22"
"Hoje o Profissão Repórter fala sobre Depressão. 
ASSISTAM","FALSE","FALSE","FALSE","2019-09-11","CassinhoRios","TRUE","23"
"Vendo a chamada do Profissão Repórter falando sobre depressão... vou tentar assistir. ):","FALSE","FALSE","FALSE","2019-09-11","bitchspears_","TRUE","24"
"depressão sazonal no verão é um cu","FALSE","FALSE","FALSE","2019-09-11","camilamento","TRUE","25"
"Essa depressão ainda vai me matar","TRUE","FALSE","TRUE","2019-09-11","thePalestrinha","TRUE","26"
"Mano hj teve palestra sobre o suicídio, e a coordenadora disse no MÊS FO SUICÍDIO, q é uma besteira e que pra resol… https://t.co/E8k8dARwRr","FALSE","FALSE","FALSE","2019-09-11","grelinho_","TRUE","27"
"da série de motivos que me fazem continuar trabalhando com um assunto que não gosto 
1) ajudar minha mãe a comprar… https://t.co/UIpVavKvM8","FALSE","FALSE","FALSE","2019-09-11","hiagolmatheus","TRUE","28"
"puta que pariu o profissão repórter foi fazer uma matéria sobre depressão e colocou logo uma câmera enorme na cara… https://t.co/rwoTuop2pL","FALSE","FALSE","FALSE","2019-09-11","dylanspoetry","TRUE","29"
"15 anos de Batman ""cabeça de pombo Já assistiram essa animação? recomendo https://t.co/d0MffrB3lE","FALSE","FALSE","FALSE","2019-09-11","Dc_da_depressao","TRUE","30"
"depressão é algo fodido, tnc","FALSE","FALSE","FALSE","2019-09-11","carinhoos","TRUE","31"
"bingo da depressão: quantas mensagens não lidas no zap você tem? https://t.co/57sHDLs9Zl","FALSE","FALSE","FALSE","2019-09-11","caiofall","TRUE","32"
"o mlk tem atitude infantil pq n gosta da pessoa: o 
mlk assedia as mina: o 
mlk insinua de bater em uma: o 
a gn… https://t.co/fARUe6uK58","FALSE","FALSE","FALSE","2019-09-11","twentyanapilots","TRUE","33"
"hoje eu não tive forças para levantar e ir pra aula, mas pelo menos cozinhei uma comidinha gostosa, arrumei meu qua… https://t.co/YYsZ7XnwSx","TRUE","FALSE","FALSE","2019-09-11","pravcehseujorge","TRUE","34"
"https://t.co/PWQnd4ujr8","FALSE","FALSE","FALSE","2019-09-11","mertalisen1","TRUE","36"
"@Radio98Oficial O coitadinho que ganha SÓ 24 mil apresentou atestado e pediu licença? Justo,  pois ele ja havia dito que estava tomando remédio por ter baixado o custo de vida, cartão de 20 pra 8 mil...DEPRESSÃO! #SQN #ProcuradorBabaca #central98","FALSE","FALSE","FALSE","2019-09-12","marcellogalo","TRUE","2500"
"O assunto sobre depressão no profissão repórter é algo q muita gnt n acredita, olha a situação gnt!! É uma doença g… https://t.co/pEPMuq9zo5","FALSE","FALSE","FALSE","2019-09-12","danidaanic","TRUE","1"
"Quem tem depressão tem o ano inteiro, e quem comete suicídio não comete só em setembro!","FALSE","FALSE","FALSE","2019-09-12","jujuvictoriaaa","TRUE","2"
"A pior coisa pra um bipolar é ser diagnosticado com depressão #ProfissãoRepórter","FALSE","FALSE","FALSE","2019-09-12","julio_csantana","TRUE","3"
"Profissão repórter mais uma vez falando de depressão <U+0001F614>","FALSE","FALSE","FALSE","2019-09-12","AlessandreSant4","TRUE","4"
"o assunto depressão ganhou uma visibilidade muito grande né? antigamente ninguém falava nisso abertamente e se fala… https://t.co/sy8DwMTqPw","FALSE","FALSE","FALSE","2019-09-12","itnormani","TRUE","5"
"só eu que já fiquei com dúvida se só tô muito triste ou é depressão?","FALSE","FALSE","TRUE","2019-09-12","KeziaLorrany77","TRUE","11"
"Profissão repórter na semana passada falou sobre moradores de rua, assisti pois faço estágio com isso. Agora faland… https://t.co/le2oNqlr1U","FALSE","FALSE","FALSE","2019-09-11","nyrmd1","TRUE","14"
"a gnt falando de setembro amarelo ontem e uma crente falando que depressao é falta de Deus KKKKKKKKKKKKKKKKKKKKKKKK… https://t.co/QuMMO87DSt","FALSE","FALSE","FALSE","2019-09-11","isamanzari","TRUE","15"
"Cheguei cansada da escola mãe ficou perguntando se eu tava com depressão ou algo assim, quem é que anda assombrando… https://t.co/Z8DCKXYOLN","FALSE","FALSE","FALSE","2019-09-11","dudamartinsfr","TRUE","16"
"Eu faço uns desenhos soltos há alguns anos, mas tinha parado por causa da depressão. Essa semana tomei atitude e vo… https://t.co/XkXxrJE84J","FALSE","FALSE","FALSE","2019-09-11","akatsuckk","TRUE","17"
"to em depressão alguém pra brigar de faca","FALSE","FALSE","TRUE","2019-09-18","whistleyahz_","TRUE","2506"
"Minha depressão é crise de ansiedade declarando seu amor por mim https://t.co/BELibLHkdt","FALSE","FALSE","TRUE","2019-09-18","feliciano_miih","TRUE","2507"
"Sério, como alguém  ainda brinca com depressão, cara, a dor que você sente é algo tão horrível que sua alma chora, eu fico muito feliz por mais uma vida ter sido salva da sua própria fatalidade, forças para você luckhaos https://t.co/m6tg8T1enF","FALSE","FALSE","FALSE","2019-09-18","PH188x","TRUE","2508"
"meu wpp está cheio de mensagens,mt gente me apoiando,tentando me ajudar de alguma forma,tentando não me fazer ir,espero que um dia eu me livre dessa depressão,pra muitos é frescura,mas não tem nada pior do que vc não amar a sí mesma,e todos os dias querer tirar sua própria vida<U+0001F494>","FALSE","FALSE","TRUE","2019-09-18","Almeida2144","TRUE","2509"
"se eu sair da faculdade sem estar numa depressão profunda vai ser a maior conquista da minha vida. juro td dia eh um Teste eu estou mto perto de enlouquecer","FALSE","FALSE","TRUE","2019-09-18","triptyych","TRUE","2510"
"a minha cara de choque quando descobri que os meninos do diva depressao eram um casal<U+0001F5E3><U+0001F5E3>","FALSE","FALSE","FALSE","2019-09-18","moochigrr","TRUE","2511"
"eu. quero. morrer.","FALSE","FALSE","FALSE","2019-09-18","heartzrenjun","TRUE","2512"
"Ok mas agr q o cabelo já está ao natural esta horrível e só quero morrer","FALSE","FALSE","FALSE","2019-09-18","bazadaquipah","TRUE","2513"
"tenho inglês hoje é só quero morrer","FALSE","FALSE","FALSE","2019-09-18","pourchwe","TRUE","2514"
"nossa eu quero muito morrer eu to muito mal","TRUE","FALSE","FALSE","2019-09-18","marquininha","TRUE","2515"
"@BiaRangel___ Jkkkkkkkkk quero morrer sua amiga mona","FALSE","FALSE","FALSE","2019-09-18","Evelyneronjr","TRUE","2516"
"@dougraz de quero morrer","TRUE","FALSE","FALSE","2019-09-18","Kimlice_twt","TRUE","2517"
"quero morrer caralho","TRUE","FALSE","FALSE","2019-09-18","roseluvsx","TRUE","2518"
"eu quero morrer kk","TRUE","FALSE","FALSE","2019-09-18","selfishjennie","TRUE","2519"
"n entendi vou me matar","FALSE","FALSE","FALSE","2019-09-18","lumma_marques","TRUE","2520"
"Odeio o meu curso vou me matar","TRUE","FALSE","FALSE","2019-09-18","sabordemelancia","TRUE","2521"
"[18/9 18:05] pedrinho: me estresso [18/9 18:05] pedrinho: nossa vtn [18/9 18:05] pedrinho: vou matar aquela piranh [18/9 18:06] pedrinho: se continuar de graç [18/9 18:06] pedrinho: se fude 
 KKKKKKKKKKKKKKKKKKKK xaninha se estressou legal","FALSE","FALSE","FALSE","2019-09-18","lauramonteirx","TRUE","2522"
"me da um oitão que vou matar esses cuzão <U+0001F3B6>","FALSE","FALSE","FALSE","2019-09-18","pittersss_","TRUE","2523"
"Mas do jeito que seu santo forte, ninguém vai me amar, eu vou voltar atrás, só pra matar vontade","FALSE","FALSE","FALSE","2019-09-18","qtfmara","TRUE","2524"
"esqueci meu carregador na escola meu deus vou me matar","FALSE","FALSE","FALSE","2019-09-18","rrriahma","TRUE","2525"
"Pedi um sanduíche da Subway de sabor novo, espero que realmente seja bom, se não vou me matar. Pior que gastar dinheiro é gastar dinheiro em comida ruim.","FALSE","FALSE","FALSE","2019-09-18","AndreaHonorio_","TRUE","2526"
"<U+0001F63A><U+270F> — fnalmente vou matar a saudade do povo de catalao https://t.co/XWz4xlUtX9","FALSE","FALSE","FALSE","2019-09-18","Gondimgs","TRUE","2527"
"MANO EU VOU ME MATAR","TRUE","FALSE","FALSE","2019-09-18","shinejjkmin","TRUE","2528"
"@ully_frts @vxironic afff vou me matar","TRUE","FALSE","FALSE","2019-09-18","eulimoes","TRUE","2529"
"@sararocham Vou me matar junto com vc","FALSE","FALSE","FALSE","2019-09-18","AtryciaS","TRUE","2530"
"kkkkk fodase vou fazer sim, mas minha mãe vai me matar","FALSE","FALSE","FALSE","2019-09-18","kiara_dornelas","TRUE","2531"
"A diferença é q agora eu n acredito mais. Eu deleto a conversa, deleto o número e n procuro. Ahh, quem dera se fosse orgulho, mas é totalmente perda de vontade. Sabe quando vc tá com fome, vê algo nojento e de repente perde o apetite? Foi bem assim, quando conheci o seu caráter!!","FALSE","FALSE","FALSE","2019-09-19","dudamartinssss","TRUE","2687"
"@nomemaisbonito @missao_exo @Leoni_a_jato Porque do meu ponto de vista, não há nada de vantajoso nisso. Seria uma perda de tempo e recursos enorme Tem gente passando fome, morrendo por não ter acesso à atendimento de saúde de qualidade, o mundo queimando por causa das mudanças climáticas, e tudo isso pode ser corrigido!","FALSE","FALSE","FALSE","2019-09-15","blackcorvo","TRUE","2688"
"Deus olhou pra mim hoje e disse ""vou te ajudar em tudo e te mostrar isso"" pelo amor Deuzinho quer me matar do coração","FALSE","FALSE","FALSE","2019-09-18","Coleta_helo","TRUE","2532"
"cada vez eu me sinto mais inútil","FALSE","FALSE","TRUE","2019-09-18","Nunuzinha16","TRUE","2533"
"@mustyoongi eu nao aguento mais, me sinto inutil pra caramba","FALSE","FALSE","TRUE","2019-09-18","lettersgot7","TRUE","2534"
"Eu não tô sabendo ajudar mais ngm,me sinto inútil","FALSE","FALSE","TRUE","2019-09-18","Kaylain50761779","TRUE","2535"
"Estranho, hj eu n me sinto inutil","FALSE","FALSE","FALSE","2019-09-18","MarianPendragon","TRUE","2536"
"Sinto me uma inútil","FALSE","FALSE","TRUE","2019-09-18","Carlotalvao","TRUE","2537"
"Eu tava super animada com a aula de inspeção pq me sinto menos inútil imaginando que um dia vou passar num concurso. Fiquei gripada, perdi uma semana de aula, perdi o ritmo, tô em crise depressiva e pensando que 100% das pessoas do mundo são mais bem sucedidas que eu.","FALSE","FALSE","TRUE","2019-09-18","dricacmr","TRUE","2538"
"Eu odeio sentir preguiça, me sinto tão inútil","FALSE","FALSE","TRUE","2019-09-18","Bianca17311554","TRUE","2539"
"na maior parte do tempo eu só queria ser alguém sem defeitos e sem uma personalidade lixo porque na maior parte do tempo me sinto inútil, ridícula e desprezível","FALSE","FALSE","TRUE","2019-09-18","blackwidrw","TRUE","2540"
"me sinto uma inútil por não conseguir ajudar quem precisa de ajuda ou os meus amigos...sei lá, só queria ter as palavras certas pra confortar e até mesmo aconselhar","FALSE","FALSE","FALSE","2019-09-18","ggukartes","TRUE","2541"
"Me sinto mt inútil por n conseguir fazer um negocio tão básico","FALSE","FALSE","FALSE","2019-09-18","perdidanometro","TRUE","2542"
"me sinto a pessoa mais inútil do mundo com esse estágio, só queria coisa melhor pra ser melhor profissionalmente, pq não tá agregando em nada","FALSE","FALSE","FALSE","2019-09-18","_1998oct","TRUE","2543"
"seria muito mais vantojoso para a saúde dele, o homem está visivelmente esgotado e em tantos anos que eu sou exol nunca o vi tão nitidamente esgotado. eu estou preocupada em um nivel que transcede a normalidade.","FALSE","FALSE","FALSE","2019-09-19","byunpalette","TRUE","2689"
"@zneffz @TheeZenon KAMDKSKFKD eu fui ler um pouquinho ne pois sem sono","FALSE","FALSE","FALSE","2019-09-19","exousted_","TRUE","2690"
"eu terminei mindhunter eu estou triste","FALSE","FALSE","FALSE","2019-09-18","notfakedessa","TRUE","2544"
"estou triste, me paguem uma sequência de sushi","FALSE","FALSE","FALSE","2019-09-18","ludtkejoao","TRUE","2545"
"ok estou muito triste estou indo ouvir sza pra ficar pior","FALSE","FALSE","FALSE","2019-09-18","carolxres","TRUE","2546"
"Estou triste pois o Internacional sairá campeão hoje","FALSE","FALSE","FALSE","2019-09-18","jorgejgs87","TRUE","2547"
"Meu fone quebrou e eu estou triste demais","FALSE","FALSE","FALSE","2019-09-18","igoormoura94","TRUE","2548"
"eu estou incrivelmente triste por um brinquedo rebolar mais que eu e ainda bater o cabelo  https://t.co/XhMaXWhWxx","FALSE","FALSE","FALSE","2019-09-18","pnsttpsychs","TRUE","2549"
"estou triste","FALSE","FALSE","TRUE","2019-09-18","belvbb","TRUE","2550"
"ai nossa, estou feliz e triste ao mesmo tempo. Sábado fiz uma prova do curso e por causa de 3 questões não fechei. 3 QUESTÕES. Ps.: a prova tinha 40 questões!","FALSE","FALSE","FALSE","2019-09-18","MariaAlves1000","TRUE","2551"
"N to respirando mais juro consigo nem sair de casa","FALSE","TRUE","FALSE","2019-09-18","liportilla","TRUE","2851"
"eu vou me matar eu nao aguento mais eu sou um lixo kkkkkkk","TRUE","FALSE","FALSE","2019-09-19","ifpcyeol","TRUE","2854"
"caralho eu vou trancar o curso e me matar na moral nao da mais","TRUE","FALSE","FALSE","2019-09-16","feminwsts","TRUE","2855"
"Vergonha é o unico sentimento q eu consigo ter agora.. Tipo, brigar e n concordar c algo ou estar inseguro num bagulho é uma coisa, mas sair te rastreando como se vc fosse propriedade da pessoa, falar com seus amigos e até pessoas que você não tem mais contato.. Sei lá, vergonha.","FALSE","FALSE","FALSE","2019-09-19","Laaaaaarica","TRUE","2856"
"eu tô presa no grupo q as pessoas fingem q são velhinhos confusos com a tecnologia e n consigo sair mais","FALSE","FALSE","FALSE","2019-09-19","littledorga","TRUE","2857"
"pra que juntar dinheiro se eu vou me matar msm","TRUE","FALSE","FALSE","2019-09-19","flafluorescent","TRUE","2858"
"Fizeram um feitiço para me matar, mas no dia da festa eu vou lá","FALSE","FALSE","FALSE","2019-09-19","gabifreixobfr","TRUE","2859"
"Já tem mais 2 semanas q tô tendo uns pesadelos muito estranhos, que eu n consigo sair e no final de quase todos eu morro daí acordo","FALSE","FALSE","FALSE","2019-09-19","Caioo_Menezes","TRUE","2860"
"Vei será que eu to com tendinite? pqp minha mão ta doendo pra kc N consigo nem estralar pq parece q vai sair do lugar e n voltar mais","FALSE","FALSE","FALSE","2019-09-19","vncsfreitas","TRUE","2861"
"puts olha a qualidade desse teaser mano???????????? se my country for ruim eu vou me matar pq eu to super hypada https://t.co/6NI7jjzPPL","FALSE","FALSE","FALSE","2019-09-19","haeinsuk","TRUE","2862"
"JA FUI FALSAMENTE ACUSADO DE ASSEDIO E FOI PROVADO Q N FIZ. O PAI DA VAGABUNDA, Q ERA POLICIAL, DEU DE DEDO NA MINHA CARA E AMEAÇO ME MATAR. ENTÃO DECLARO, HOJE, NO DIA 17/09 QUE NÃO VOU MAIS ME RELACIONAR COM SERES DO SEXO FEMININO PQ SOU UM FRUSTRADO E VCS TODAS LINDAS.","FALSE","FALSE","FALSE","2019-09-17","DoubleCheedar","TRUE","2863"
"meu parcero vai toma no cu olha o tamano de UMA QUESTAO que tem que copiar da merda da prova EU NAO VOU GANHAR NADA COM ISSO MANO VA SE FUDE eu vou me matar não aguento mais os professor do cepi https://t.co/abL4Ur7veQ","FALSE","FALSE","FALSE","2019-09-17","blrryf","TRUE","2864"
"percebi q pra eu ficar com alguém é só qnd eu tiver louca/chapada, não consigo marcar de sair pq quando chega o dia eu fico desesperada e n quero mais","FALSE","FALSE","FALSE","2019-09-19","eunattthalia","TRUE","2865"
"@needyswn amg eu entrei no beta e agr n consigo mais sair","FALSE","FALSE","FALSE","2019-09-19","ghostinlol","TRUE","2866"
"meu coração doeu ao ver esse vídeo, deu uma saudade. Eu amo esse clube, ate tento me enganar fingindo que n vou ligar mais, mas eu não consigo! Vamos sair dessa <U+0001F499> https://t.co/Wii23k03qe","FALSE","FALSE","FALSE","2019-09-18","jhully_luiza3","TRUE","2867"
"Eu vou matar Jully, já falei pra essa piranha q não vou mais sair, aí vem ela me chamando pra sair domingo<U+0001F602><U+0001F602><U+0001F602> Krl eu juro que tento galera mas não da <U+0001F937><U+0001F3FC><U+200D><U+2640><U+FE0F>","FALSE","FALSE","FALSE","2019-09-17","biih_marinho","TRUE","2869"
"Ainda mais q eu realmente n posso sair, andar e tals, meu pé incha muito e eu quase não consigo andar, MT INFERNO!!!","FALSE","FALSE","FALSE","2019-09-19","Ana_Moraes00","TRUE","2870"
"esse krlh me acordou 01:30 da madrugada para pedir a bio de snk e eu vou acordar 05:30 e não tô conseguindo mais dormi 
EU VOU COMETER UM CRIME DE ÓDIO AAAAAA QUERO MATAR ELA @cahiddles https://t.co/Dy2BG3n4qY","FALSE","FALSE","FALSE","2019-09-16","byyakugan_","TRUE","2871"
"@circuswises @dofiapoetry EU NAO AGUENTO MAIS MEU DEUS ELA DA NOTICE PRA TODO MUNDO MENOS PRA MIM EU VOU ME MATAR","FALSE","FALSE","FALSE","2019-09-16","lostingable","TRUE","2872"
"ai vei, n consigo mais sair do 840 QUE INFERNO","FALSE","FALSE","FALSE","2019-09-19","joashihara","TRUE","2873"
"Meu deus que redação foi essa, pura derrota eu não aguento mais, não entendi o tema vou me matar","FALSE","FALSE","FALSE","2019-09-19","agustxtaev","TRUE","2874"
"Tava estudando, minha mae me chamou para sair(n fui) tive que sair de onde tava para fechar o portão, ai resolvi comer e agr n consigo mais voltar a estudar pqp que saco","FALSE","FALSE","FALSE","2019-09-19","jadsdaughter","TRUE","2875"
"Vai tomar no cú mano roubou o amor da minha vida, vou matar ele Assim ele não será mais de ninguém — Matar? Se você encostar em um fio de cabelo dele eu te caço até no inferno. Ninguém vai encostar no MEU HOMEM https://t.co/9nkjRiWd4d","FALSE","FALSE","FALSE","2019-09-17","Yoon_1975","TRUE","2876"
"@NamDaddyK EU VOU TE MATAR SE ME CHAMAR ASSIM DE NOVO","FALSE","FALSE","FALSE","2019-09-19","byalexiax","TRUE","2877"
"e eu com pânico de sair do laboratório e encontrar mais pessoas n consigo ir embora","FALSE","FALSE","FALSE","2019-09-19","_cynthiacunha","TRUE","2878"
"eu vou me matar não é possivel","TRUE","FALSE","FALSE","2019-09-19","aholaclari","TRUE","2879"
"ela me respondeu c um ""eu vou te matar"" KKKKKKKKKKKKKKK sabia","FALSE","FALSE","FALSE","2019-09-19","larivieirac7","TRUE","2880"
"tava fazendo as contas, não dá mais esse mês eu vou ter que me matar","FALSE","FALSE","FALSE","2019-09-19","dudyzao","TRUE","2881"
"Que sono, não dá mais, vou ter que me matar. <U+0001F921>","TRUE","FALSE","FALSE","2019-09-19","swrtte","TRUE","2882"
"passei o dia todo cheia de dor no estômago, achando q ia morrer, me segurando pra não vomitar, aí quando chego em casa n sinto mais nada nenhuma dorzinha ???????????????? olha eu juro q se isso for mais um sintoma de ansiedade eu vou me matar","FALSE","FALSE","FALSE","2019-09-19","myoonjimin","TRUE","2883"
"eu nao consigo mais ver jogo da bundesliga muito menos champions eu vou me matar ok unica soluçao","FALSE","FALSE","FALSE","2019-09-18","crinthianskkkj","TRUE","2884"
"vcs tambem tem umas fases de pensar nossa vou me cuidar eu era tao mais bonita antes e agr to um cabaço ai vc vai e olha fotos da epoca q vc se achava bonita e ainda era feia? entao vou ali me matar rapidao e espero nao voltar","FALSE","FALSE","FALSE","2019-09-16","estontear","TRUE","2885"
"Eu vou me matar antes dos 20, certeza","FALSE","FALSE","FALSE","2019-09-19","PAOCOMOVNI","TRUE","2886"
"Quero abrir live, mas ao mesmo tempo estou desanimado. Como que faz? <U+0001F643>","FALSE","FALSE","FALSE","2019-09-19","almeckysan","TRUE","2889"
"Nível da falta de atenção, entrei de meia no banho. Alguém avisa, pelo amor de Deus","FALSE","FALSE","FALSE","2019-09-19","laurabachega","TRUE","2890"
"eu sinceramente to muito triste pq minha mae não deixou eu ir pro show do now united e sim vou entrar em depressão pq vou perder a oportunidade de ver os amores da minha vida mas eu preciso tentar crc alguém me leva","FALSE","FALSE","FALSE","2019-09-19","uniterbialimns_","TRUE","2894"
"@pqoshomensmorre Com emoção ou sem emoção Com mega master blaster fucker emotion!","FALSE","FALSE","FALSE","2019-09-19","ricardopx","TRUE","2895"
"Martinezzzzzzz @tgmartins Mano, que saudade de você. Que falta sinto da sua alegria aqui com a gente. Mas hoje não vim falar de nós, quero falar pra você o quanto te desejo o bem, coisas boas meu irmão. Hoje é seu… https://t.co/bSm67nCuKX","FALSE","FALSE","FALSE","2019-09-19","bcbrunocardoso","TRUE","2896"
"sem vontade nenhuma de ir pra escola pq eu não tenho nem cabeça pra fazer prova","FALSE","FALSE","FALSE","2019-09-19","m_yendes","TRUE","2899"
"Vão me matar, mas vou dizer. Sempre vi o suicídio como um direito de cada um. Nunca olhei pra ele como solução, mas há quem enxergue nele o fim da dor. Todos têm o direito de não sentí-la mais. É importante... https://t.co/0gveWrmNmg","FALSE","FALSE","FALSE","2019-09-16","silmargama","TRUE","2900"
"KUSHINA, O DESEJO É TE DAR UM BEIJO E NÃO PARTIR SEM VER O NOSSO MENINO CRESCENDO","FALSE","FALSE","FALSE","2019-09-19","narutoartt","TRUE","2901"
"pqp o meu pai realmente acabou de dizer que uma vítima de estupro estar feliz por se ter feito justiça e o gajo que a violentou ter ido para a cadeia é só desejo de vingança  
pqp eu... Sem comentários","FALSE","FALSE","FALSE","2019-09-19","chansbabygirlzz","TRUE","2902"
"Eu vou matar Jully, já falei pra essa piranha q não vou mais sair, aí vem ela me chamando pra sair domingo<U+0001F602><U+0001F602><U+0001F602> Krl eu juro que tento galera mas não da <U+0001F937><U+0001F3FC><U+200D><U+2640><U+FE0F>","FALSE","FALSE","FALSE","2019-09-17","biih_marinho","TRUE","2903"
"esse krlh me acordou 01:30 da madrugada para pedir a bio de snk e eu vou acordar 05:30 e não tô conseguindo mais dormi 
EU VOU COMETER UM CRIME DE ÓDIO AAAAAA QUERO MATAR ELA @cahiddles https://t.co/Dy2BG3n4qY","FALSE","FALSE","FALSE","2019-09-16","byyakugan_","TRUE","2904"
"sinceramente o radfem me cansa. sempre a mesma pauta pqp que coisa cansativa. sem ânimo pra ficar debatendo com queer mongolóide na internet. agora estou mesmo abrindo mão e foda se","FALSE","FALSE","FALSE","2019-09-19","fxirmino","TRUE","2905"
"Sem emoção não tem grava","FALSE","FALSE","FALSE","2019-09-19","Peterknb","TRUE","2906"
"so essa semana teve anuncio da lesley na ccxp e nu no brasil pra um unico show no rj 
eu to mt triste pf ninguem me toca https://t.co/z6CBlw37dy","FALSE","FALSE","FALSE","2019-09-19","noahpurpose","TRUE","2907"
"Tava estudando, minha mae me chamou para sair(n fui) tive que sair de onde tava para fechar o portão, ai resolvi comer e agr n consigo mais voltar a estudar pqp que saco","FALSE","FALSE","FALSE","2019-09-19","jadsdaughter","TRUE","2908"
"<U+0001F63A><U+270F> — ): eu to triste demais, eu agradeço por isso e eu sei que agradeço demais mas se eu descobrisse quem é né, eu pod… https://t.co/xfdtHQQGXh","FALSE","FALSE","TRUE","2019-09-19","jikookexit","TRUE","2909"
"sem animo pra continuar vivendo","TRUE","FALSE","TRUE","2019-09-19","thalisson_hm","TRUE","2910"
"eu nao consigo mais ver jogo da bundesliga muito menos champions eu vou me matar ok unica soluçao","FALSE","FALSE","FALSE","2019-09-18","crinthianskkkj","TRUE","2911"
"eu vou matar a marianeeeeeeee!!!!! eu aqui toda viajada nas minhas neuras de tpm e ela me liga DO OUTRO LADO DA PORRA DO OCEANO fazendo pegadinha de que não me queria mais...... 
EU TÔ TREMENDO ATÉ AGORA","FALSE","FALSE","FALSE","2019-09-17","jujudalessio","TRUE","2912"
"@LuizaBitecourt muito triste","FALSE","FALSE","FALSE","2019-09-19","CamillyPerson","TRUE","2913"
"N to respirando mais juro consigo nem sair de casa","FALSE","FALSE","FALSE","2019-09-18","liportilla","TRUE","2914"
"vcs que ficam falando que eu estou magro, que eu tô emagrecendo e os caralho, você estão certos. Eu emagreci muito desde o final do ano e n é por falta de tentar. Eu n consigo sair de casa mais, n consigo ficar mais na rua, n consigo comer direito, tem dia q+","FALSE","TRUE","TRUE","2019-09-19","matheusseba","TRUE","2915"
"Não aguento mais essa vida de dormir 3/4h por dia mas tbm n consigo sair dela","FALSE","FALSE","FALSE","2019-09-19","llalmdj","TRUE","2916"
"Vergonha é o unico sentimento q eu consigo ter agora.. Tipo, brigar e n concordar c algo ou estar inseguro num bagulho é uma coisa, mas sair te rastreando como se vc fosse propriedade da pessoa, falar com seus amigos e até pessoas que você não tem mais contato.. Sei lá, vergonha.","FALSE","FALSE","FALSE","2019-09-19","Laaaaaarica","TRUE","2917"
"Trabalhar desanimado é foda, só penso na minha cama","FALSE","FALSE","TRUE","2019-09-19","vinimacch","TRUE","2919"
"pra que juntar dinheiro se eu vou me matar msm","FALSE","FALSE","FALSE","2019-09-19","flafluorescent","TRUE","2920"
"@FlavioXSid É muito triste ver que a OAB hoje serve só para atrapalhar o Brasil.","FALSE","FALSE","FALSE","2019-09-19","patriotaBR2017","TRUE","2921"
"Tô tri desanimado, tenho vontade de nada <U+0001F614>","FALSE","FALSE","TRUE","2019-09-19","Qvs_Kauanzinho","TRUE","2922"
"meu parcero vai toma no cu olha o tamano de UMA QUESTAO que tem que copiar da merda da prova EU NAO VOU GANHAR NADA COM ISSO MANO VA SE FUDE eu vou me matar não aguento mais os professor do cepi https://t.co/abL4Ur7veQ","FALSE","FALSE","FALSE","2019-09-17","blrryf","TRUE","2923"
"@kribshna @eucarolx com emoção ou sem emoção?","FALSE","FALSE","FALSE","2019-09-19","laisenha","TRUE","2924"
"ninguém gosta dessa etapa do surf ranch kkkkkkk, bagulho enjoativo e sem emoção","FALSE","FALSE","FALSE","2019-09-19","lucasroCRF","TRUE","2925"
"tão sem vontade de trabalhar que to até dando trela pra nana franca","FALSE","FALSE","TRUE","2019-09-19","ghbncz","TRUE","2926"
"@dbk_jisoo É falta de fome mesmo, não consigo comer nada...","FALSE","TRUE","FALSE","2019-09-19","dbk_minseok","TRUE","2626"
"Sou de acordo sim na contração do Freddy Guarin, precisamos de peça são muito jogos importantes, assim o Jorge Jesus pode poupar o Gerson em alguns jogos, para ele não ficar desgastado, e ele pode ser convocado para a seleção brasileira também, e não temos 2° volante reserva.","FALSE","FALSE","FALSE","2019-09-19","RenataNvea1","TRUE","2627"
"Impressionante como eu acordo com fome porém sem apetite, se n fumar 1 n consigo comer <U+0001F644>","FALSE","TRUE","FALSE","2019-09-19","valterjr__","TRUE","2628"
"@claudioedantas O povo brasileiro é acomodado e conformado demais com os seus algozes, é perda de tempo isso aqui só vai mudar quando o país quebrar e não ter mais o que roubar, ai os figurões vão para Paris, Lisboa, Miami e Londres com dinheiro roubado  e o povo morre de fome.","FALSE","FALSE","FALSE","2019-09-19","jeancparruda","TRUE","2629"
"É foda, de noite sempre estou mt cansado e morro de sono, de manha nicole esta morta de sono, nossos horarios nunca batem","FALSE","FALSE","FALSE","2019-09-19","hugodutrasantos","TRUE","2630"
"Sempre que eu durmo fora de casa sinto que não descanso bem, fico morrendo de sono! <U+0001F926><U+0001F3FD><U+200D><U+2642><U+FE0F>","FALSE","FALSE","FALSE","2019-09-19","thiiipereira","TRUE","2624"
"Levei a casa toda, lavei carro, coloquei roupas na máquina, lavei algumas na mão, gente eu te lavei o portal da minha casa. EU ESTOU MUITO CANSADO","FALSE","FALSE","FALSE","2019-09-19","tequilares","TRUE","2631"
"Hoje o calor e a falta de ar condicionado funcional no trabalho me proporcionaram: estresse, irritação, dor de cabeça, suor na bunda (?), pouca ou nenhuma produtividade, perda de apetite e finalmente desgosto generalizado por tudo.","FALSE","FALSE","FALSE","2019-09-18","painkillers","TRUE","2632"
"Mais um dia com insônia e no pouco tempo q durmo TENHO PESADELO https://t.co/fVq0NhBvek","FALSE","TRUE","FALSE","2019-09-19","pri1516","TRUE","2633"
"Dormi pra caralho de noite e continuo com sono além da fome que eu to, manooooo oq falta pra virar um panda?","FALSE","FALSE","FALSE","2019-09-19","tatirosanelli_","TRUE","2634"
"E o Uendel? Parece que tá sempre cansado e sem força, coxa colada de merda... 
Outro ex jogador","FALSE","FALSE","FALSE","2019-09-19","Doug_Heberle","TRUE","2635"
"-você faz faculdade? 
-si 
- você também tem dificuldade pra dormir e dá uns surtos de vez em sempre 
- não 
- e faz faculdade?","FALSE","TRUE","FALSE","2019-09-19","joicefreitas__","TRUE","2636"
"2. não se estressarás em vão (o único motivo válido para o sofrimento é a perda de algo que amas ou fome)","FALSE","FALSE","FALSE","2019-09-19","Chagasuzie","TRUE","2637"
"@LOEYDEVIL pois é. ele esteve/esta trabalhando em 4 coisas ao mesmo tempo 
solo > grupo novo > turne > cb do ex 
e ainda tira tempo de descanso dele para dar atenção as exols.. 
ele deve estar muito esgotado. os 3 primeiros estavam acontecendo ao mesmo tempo.","FALSE","TRUE","FALSE","2019-09-19","byunpalette","TRUE","2638"
"@7ichi88 quando castrei o diesel o vet disse pra fazer arroz com frango mas que ele ia estar “sem apetite por uns dias”. 
ele comeu tudo o que demos e de madrugada subiu no fogão e derrubou a panela no chão tentando comer mais. imagina se estivesse com apetite...","FALSE","FALSE","FALSE","2019-09-19","hellololla","TRUE","2639"
"Para cada 1 kg de perda de peso, existe um aumento de 100 kcal na fome 
Para 5kg de perda de peso,  a fome é semelhante a comer um BigMac e ainda ficar com fome 
Isso mostra o quanto nossa fisiologia é forte e pode… https://t.co/VwPKeuBlnr","FALSE","FALSE","FALSE","2019-09-16","lavraslucas","TRUE","2640"
"Qt ao ""dilema"" CPI x impeachment, acho q não existe incompatibilidade 
IMPEACHMENT é gol; CPI pode ser ""falta na entrada da área 
P/ mim, cpi é instrumento mt desgastado; sempre pode dar em alguma coisa...até em NADA 
Importante é atacar DE FRENTE o problema q é seríssimo!","FALSE","FALSE","FALSE","2019-09-16","alvaro1773","TRUE","2641"
"A rural sempre mostrando que dá sim pra ficar mais exausto do que você está","FALSE","FALSE","FALSE","2019-09-19","mmariab_","TRUE","2642"
"Eu tento estar presente na vida de meus amigos o máximo que posso, porém nem sempre posso garantir isso. Ultimamente eu ando exausto, e esgotado pra tudo tanto financeiramente quanto psicologicamente, então se ando deixando a desejar, não é intencional, me perdoem por isso...","FALSE","TRUE","FALSE","2019-09-19","PmLuck_","TRUE","2643"
"Pq é tão difícil falar “eu gosto de vc sem toda aquela burocracia, só gosto e acabou” pra alguém 
Não é como se minha vida dependesse disso, só meu sono...","FALSE","FALSE","FALSE","2019-09-19","inubrida","TRUE","2644"
"não liga pois não está fazendo falta algo que ficou desgastado. E como experiência própria aponto essa frase como a pior de todas pois ela nos abre os olhos do quão egocêntrico somos. Pensando sempre em nós mesmos. Depois q você passa pela mesma situação só que de alguma maneira+","FALSE","FALSE","FALSE","2019-09-14","PintoPensador10","TRUE","2645"
"@NoahDavidKr eles são inibidores seletivos de recaptação de serotonina, normalmente tem a perda de apetite como efeito colateral e com a diminuição da ansiedade diminui a compulsão em comer também então yeesss... HSNSBJSJSJSJSHSKSN","FALSE","FALSE","FALSE","2019-09-18","aybalva","TRUE","2646"
"FAÇO PARTE DO CENÁRIO... Novo A6 lançado aqui no Rio é absolutamente incrível. Sedã de luxo custa 426,9 K e entrega um banho de tecnologia sem contar o motor seis cilindros de 340 cv e 500 Nm de energia. A máxima de… https://t.co/KkgSUATcrq","FALSE","FALSE","FALSE","2019-09-19","jorgemoraes","TRUE","2647"
"Camila me acordou pra arrumar casa , não consigo dormir mais <U+0001F926><U+0001F3FB><U+200D><U+2642><U+FE0F>","FALSE","FALSE","FALSE","2019-09-19","filho_joubert","TRUE","2648"
"Ultimamente eu ando muito cansado mentalmente! Já quase não tenho saúde mental direito, aí vem as circunstâncias do dia a dia, e ações chulas das pessoas, não tem saúde mental que aguente!!!!","FALSE","TRUE","FALSE","2019-09-19","Pajeziin22","TRUE","2649"
"@needyswn amg eu entrei no beta e agr n consigo mais sair","FALSE","FALSE","FALSE","2019-09-19","ghostinlol","TRUE","2929"
"Às vezes bate aquela vontade de ir embora, mesmo sem ter para onde ir.","FALSE","FALSE","FALSE","2019-09-19","Jsdonags_7","TRUE","2930"
"“muito triste te perder”","FALSE","FALSE","FALSE","2019-09-19","HeeyEngelmann","TRUE","2931"
"olha esse rostinho... ele está TÃO cansado. é visível. mesmo que nosso baekhyun tente esconder como sempre faz, é visível que ele está esgotado... https://t.co/ubIXhnSdTG","FALSE","FALSE","FALSE","2019-09-19","byunpalette","TRUE","2650"
"To muito cansado pqp","FALSE","TRUE","FALSE","2019-09-19","Skyscryan","TRUE","2651"
"eu so sei que sinto muit to cansado de me machucar","FALSE","FALSE","FALSE","2019-09-19","dannxvz","TRUE","2655"
"Para minha sorte e da minha mãe,nos tiramos foto. Ent minha mãe abriu o jogo e meus pais vai se separar graças a deus. Pq o relacionamento deles já estava toxico e desgastado. Ent vai ser bom para minha mãe voltar a ser a mulher independente e forte q ela sempre foi.","FALSE","FALSE","FALSE","2019-09-17","Honey_badbad","TRUE","2656"
"Tenho bué dificuldade em adormecer porque tenho calor mas depois passo a noite cheia de frio","FALSE","FALSE","FALSE","2019-09-17","_JSaantoss_","TRUE","2657"
"@lari002_ Eu tô só com a parte de cima e não consigo comer nada <U+0001F611>","FALSE","FALSE","FALSE","2019-09-19","SinthyanOliverr","TRUE","2658"
"Tô muito desgastado, não tenho disposição pra nada","FALSE","TRUE","FALSE","2019-09-19","pedr_rosa","TRUE","2659"
"Com fome mas sem apetite","FALSE","TRUE","FALSE","2019-09-19","DaniRoocha_","TRUE","2660"
"não consigo comer nd véi","FALSE","TRUE","FALSE","2019-09-19","jsiviero_","TRUE","2661"
"mano do céu, que sono do cão eu quero hibernar sem horário pra voltar","FALSE","FALSE","FALSE","2019-09-19","arthursays","TRUE","2662"
"""É vergonhoso, até humilhante, ver um governo 'batendo cabeça' dessa forma. Não foi por falta de aviso. O mercado entendeu o recado do governo - desesperado - e assim reagiu. Mas, mesmo com ações a preço de banana, não houve apetite. — afirmou Bandeira à coluna."" #avisamos <U+0001F34C><U+0001F4B8><U+0001F4C8> https://t.co/k6RXl3LI2r","FALSE","FALSE","FALSE","2019-09-19","MateusBandeira","TRUE","2663"
"perda de dignidade e muita fome nesta noite https://t.co/BDerkSQ8k0","FALSE","FALSE","FALSE","2019-09-14","pvristexas","TRUE","2664"
"Fazia tempo que eu n dormia tão mal, e olha que ultimamente dormir bem é a maior dificuldade que tenho. Mas tive PESADELOS. @SCInternacional vc está de parabéns","FALSE","FALSE","FALSE","2019-09-19","millechiarelli","TRUE","2665"
"@amorimidete @Miguel_Ripol @ccorcionee @NandoJRocha Infelizmente existe gente com fome de poder e treta de grupos políticos .... Porém um cara minimamente puto que fale o que nós queremos vai fazer um barulho seja quem for. Medeiros e Cia sobra palavras e falta atitudes concretas","FALSE","FALSE","TRUE","2019-09-19","riamorim_17","TRUE","2666"
"Insônia, angústia, ansiedade... Mais um dia <U+0001F614>","FALSE","TRUE","FALSE","2019-09-19","enaiciteu","TRUE","2667"
"Eu tenho uma dificuldade pra dormir que é um negócio de louco.","FALSE","TRUE","FALSE","2019-09-19","Rodrigobrusco9","TRUE","2668"
"Existe alguma coisa que tire o sono sem deixar acelerado?","FALSE","FALSE","FALSE","2019-09-19","desyreeneves","TRUE","2669"
"@kitheronstairs simmmmmm <U+2764> essa música tem uma coisa que é só dela. e no dia do show, quando ele tocou, eu só sabia chorar. É uma energia sem explicação","FALSE","FALSE","FALSE","2019-09-19","tlosersclubs","TRUE","2670"
"@byunpalette @exouau ele está muito esgotado e magro... e isso não faz nada bem pra saúde dele","FALSE","FALSE","FALSE","2019-09-19","Yix_iumin","TRUE","2671"
"@paolo_crf Há males que vem para o bem! Time ficaria muito desgastado com sequência de jogos..","FALSE","FALSE","FALSE","2019-09-19","Dereck_robert","TRUE","2672"
"Queria ser uma pessoa normal, que não sente sono todo o dia ou que não fica com insônia por dias, só quero parar de tomar esses remédios, mds só quero ficar curada de praga.","FALSE","TRUE","FALSE","2019-09-19","Mari_dudii","TRUE","2673"
"Não aguento mais insônia","FALSE","TRUE","FALSE","2019-09-19","brunakamers","TRUE","2674"
"Nao sei que tanto sono eu sinto meu pai amado<U+0001F926><U+200D><U+2640><U+FE0F>","FALSE","TRUE","FALSE","2019-09-19","kennyapereira08","TRUE","2675"
"Chuva boa hoje. Pena que não consigo dormir até tarde.","FALSE","FALSE","FALSE","2019-09-19","Curitibanocarap","TRUE","2676"
"@carolmalbu Uma foto ainda vai, agora encher os stories com as mesmas farras de sempre, namm, ta todo mundo cansado de ver já kkkkkk","FALSE","FALSE","FALSE","2019-09-19","Analualcantara1","TRUE","2677"
"Eu sem apetite é um problema. Pq eu olho pras comida, meu estomago fala NÃO PELAMOR DE DEUS e eu falo QUE NÃO O QUE, TA LOUCO? Ai eu como e passo mal.","FALSE","FALSE","FALSE","2019-09-19","eujussaramaria","TRUE","2678"
"Sentir sono durante o trabalho é um caminho sem volta.","FALSE","FALSE","FALSE","2019-09-19","Yugiseiji","TRUE","2679"
"Não entendo como eu consigo comer tanto","FALSE","FALSE","FALSE","2019-09-19","alicelice636","TRUE","2680"
"Jovens como vocês conseguem viver a vida louca  Eu só quero conseguir dormir 6h noite fazer exercícios 3x na semana álcool só sábado e parar de fuma Ter um cachorro/gato e assistir a dona do pedaço de conchinha Que dificuldade","FALSE","FALSE","FALSE","2019-09-19","morschtamires","TRUE","2681"
"Mentiu ? Evidente que não. Não fizeram mais, por falta de apetite. O Corinthians foi uma vergonha. Carille e seus jogadores, não entraram na partida do jeito que se devia. Jogar uma semi final, sem se impor dá nisso. VERGONHA https://t.co/kLpt8yKzlJ","FALSE","FALSE","FALSE","2019-09-19","Teilor_SCCP","TRUE","2682"
"Essa série de coisas tem me esgotado muito, já não tenho vontade de trabalhar, levantar, discutir, debater, argumentar e etc, tô meio que automático, o que tem que ser é isso mesmo, não tenho feito muito pra mudar o rumo das coisas, deixo que tomem sozinhas","FALSE","FALSE","TRUE","2019-09-19","ronaldojunioo1","TRUE","2683"
"extremamente exausto da patotinha militante de twitter...esquerda cirandeira fazendo o trabalho de ser a coisa mais insuportável da internet desde sempre né","FALSE","FALSE","FALSE","2019-09-19","kauexribeiro","TRUE","2686"
"Sem ânimo pra nada","FALSE","FALSE","TRUE","2019-09-19","PedroBoldrini3","TRUE","2935"
"Odeio ter desejo e tá sem um puto no bolso <U+0001F644><U+0001F62A>","FALSE","FALSE","FALSE","2019-09-19","dxx_rapunzel","TRUE","2937"
"Nao aguento mais ficar trancada em casa mas também sem ânimo para voltar pra aul Sem ânimo para assistir/fzr nada tbm. Ou pelo menos ainda não achei mais nada q despertasse meu interesse","TRUE","FALSE","TRUE","2019-09-19","DiamondDres","TRUE","2939"
"Ser mãe de gatinho rn é muito difícil. Estou morta se sono, fome, dor de cabeça e cansada. Falta só jogar a terra por cima","FALSE","FALSE","FALSE","2019-09-19","Anna_Laianne","TRUE","2691"
"Meu tênis tá meio zoado 
O tênis é bom, mas eu comprei ele quando eu era MUITO gordo, então ele tá com o amortecedor bem desgastado então eu tô sentindo todo o impacto correndo 
Vou tentar olhar outro tênis antes da maratona desse domingo 
Alguma recomendação? ASICS mesmo?","FALSE","FALSE","FALSE","2019-09-19","eddyderisio","TRUE","2692"
"A mano to muito desgastado pra Td tlgd","FALSE","TRUE","FALSE","2019-09-19","WtfErickh","TRUE","2693"
"gente qual a dificuldade de ficar sem falar no ônibus?? viado 6 da manhã eu tô querendo dormir","FALSE","FALSE","FALSE","2019-09-19","eungalaxys","TRUE","2694"
"Curioso que sempre que tem um show, independente de quem seja, o “primeiro lote já está quase esgotado” anunciam. Eu desconfio que esse tal primeiro lote seja só um alavanco de marketing. Pode ser que ele nem exista.","FALSE","FALSE","FALSE","2019-09-18","lucasm_vicio","TRUE","2695"
"não consigo vou ter que comer um chocolate pra desestressar","FALSE","FALSE","FALSE","2019-09-19","guiggf","TRUE","2696"
"Esgotado o Primeiro Lote da festa de dia 11 de Outubro muito obrigado a todos que confiaram em comprar antes do cartaz sair... <U+0001F525><U+0001F64F><U+0001F3FE><U+0001F4AF> https://t.co/RpUHPJjdnf","FALSE","FALSE","FALSE","2019-09-19","CachotaNelson","TRUE","2697"
"@natioliveiraa @rubiaoliveiraa Meu pai mandou pra mim na hora que eu estava almoçando, pensa na perda de apetite","FALSE","FALSE","FALSE","2019-09-17","carlossikorski","TRUE","2698"
"Meu sonho é ser essas pessoas que fica doente ou acontece algo e fala ""nossa, perdi o apetite"" ou ""nossa, estou sem fome"" ou ""nossa, não consigo comer hoje"".","FALSE","FALSE","FALSE","2019-09-19","anafravinha","TRUE","2699"
"Choro, coração apertado, sentimento de perda, + coração apertado, não tomar banho, +choro, desespero, apetite desfrenado, ... crise de ansiedade. <U+0001F97A>","FALSE","FALSE","FALSE","2019-09-19","jesssycadpaula","TRUE","2700"
"Eu estou cansada mas não estou com tanto sono. Não sei se faz sentido mas me sinto um peso morto","FALSE","FALSE","TRUE","2019-09-19","babyblu3__","TRUE","2701"
"Muita fome e com vontade de pegar um lanchinho, porém falta menos de 1h para sair almoçar","FALSE","FALSE","FALSE","2019-09-19","megustagab","TRUE","2702"
"Faz parte da evolução se dar conta que as vezes a gente alimenta conflitos sem perceber e aprender a desligar isso. Temos coisas muito mais importantes pra colocar nossa energia, do q se importar c coisas pequenas que no final do dia são insignificantes.","FALSE","FALSE","FALSE","2019-09-19","domenicalobo","TRUE","2703"
"Super cansado, vou dormi muito","FALSE","FALSE","FALSE","2019-09-19","silvamaikonn","TRUE","2704"
"SÓ CONTINUA EXPLODINDO ESSA DESGRAÇA DE MENTE PQ É OQ SEMPRE DA DE FAZER MELHOR, CANSADO, DESGASTADO E COM UMA ENORME DOR NO PEITO QUE ME FAZ QUERER MORRER, QUERO QUE TUDO SE FODA https://t.co/O9CAP94L2U","FALSE","FALSE","FALSE","2019-09-15","KKrauser4","TRUE","2705"
"o sono que eu sinto de manhã não é normal","FALSE","FALSE","FALSE","2019-09-19","_karinesousaa","TRUE","2706"
"tô com sono mas não consigo dormir","FALSE","FALSE","FALSE","2019-09-19","Alissonsbk01","TRUE","2707"
"Quase não consigo comer que dor mano vsf","FALSE","FALSE","FALSE","2019-09-19","farias_paty21","TRUE","2708"
"Ontem a insônia me pegou de uma maneira e hj acordei podreeee","FALSE","TRUE","FALSE","2019-09-19","offbeatefodackj","TRUE","2709"
"@AyaFurler Só queria dormi em paz mas infelizmente eu não consigo dormir nem comer","FALSE","TRUE","FALSE","2019-09-19","Ayreazinea","TRUE","2710"
"@jordanizzzle não tive, fora os esperados (perda de fome) mas as vezes sinto meu coração acelerado e fico mais desperta. não posso beber com ele de jeito algum mas tomava escitalopram e tive q largar pra nao misturar","FALSE","TRUE","FALSE","2019-09-16","mamboela","TRUE","2711"
"O ruim de  chove forte se corre o risco dee se fica sem energia kkkkkk","FALSE","FALSE","FALSE","2019-09-19","MariaDharah","TRUE","2712"
"""Sem demagogia vamo ser sujeito homem se o crime acabar os policia passa fome ""<U+0001F3B6><U+0001F3B6><U+0001F3B6>","FALSE","FALSE","FALSE","2019-09-19","Dn_do_gl","TRUE","2713"
"@Kitsch_Katto Não consigo gostar dele, ele é mt metido a espertao e adora fazer bait falando mal de alguma coisa famosa. Sem falar dos seguidores dele, a maioria é boomer ou brasileiro achando q é japonês. E aquele canal dele de podcast q é pra dormir escutando.","FALSE","FALSE","FALSE","2019-09-19","Auadll","TRUE","2714"
"tão cansado que não consigo dormir","FALSE","TRUE","FALSE","2019-09-19","lhauzen","TRUE","2715"
"@julinhayuyu Meu corpo tá bem desgastado nos últimos 3, 4 dias. E hoje, pós serviço, eu me senti cansado a um nível muito bizarro, meus braços estavam muito pesados. Acho que minha rotina tá passando dos limites do meu sedentarismo, e por isso quero começar dormindo melhor. Amanhã veremos. <U+0001F618>","FALSE","FALSE","FALSE","2019-09-19","Silasxpac","TRUE","2716"
"eu emagreço fácil demais, fiquei uma semana sem comer direito sem apetite por causa da bendita da tpm, e já perdi 3 kilo <U+0001F926><U+200D><U+2640><U+FE0F>","FALSE","FALSE","FALSE","2019-09-19","isagarrciia","TRUE","2717"
"Eu fico umas 6 ou 7 horas vendo series sem problema nenhum. Agora quando tenho q assistir uma vídeo aula  de 40 min ou 1 hora é um sono q não sei da onde vem. Que pessoa tóxica sou eu  pohan...","FALSE","FALSE","FALSE","2019-09-19","GomesDarllin","TRUE","2718"
"este homem está cansado de sempre ser comparado com alguém e só gostaria de ter um sósia próprio","FALSE","FALSE","FALSE","2019-09-19","afffjoao","TRUE","2720"
"Véi, 10 segundos depois de terminar uma planilha da faculdade e de imprimir ela a energia caiu sem ter salvado kkkkkkk, obg Deus por não permitir que meu trabalho de horas fosse perdido","FALSE","FALSE","FALSE","2019-09-19","steniogon","TRUE","2721"
"Essa foto tem uma carga de histórias que esse post seria incapaz de descrever. Um moço que corria sempre pra pegar o ônibus no horário, porque ele sabia que se perdesse ficaria muito cansado no dia seguinte pra ir… https://t.co/1FXmsgU9gJ","FALSE","FALSE","FALSE","2019-09-19","jeffsouzax","TRUE","2725"
"NeoSolar lança sistema individual de geração de energia para atender população de regiões sem acesso à energia elétrica - https://t.co/DlZqGEFNtd - A solução de marca própria respeita todas as exigências do Programa Luz para Todo A NeoSolar, empresa pioneira em soluções de e ...","FALSE","FALSE","FALSE","2019-09-19","CanalBioenergia","TRUE","2726"
"@luizinhooo_h Fantástico mano! Compensando a dificuldade de dormir com algumas obras de artes que não havia visto.","FALSE","FALSE","FALSE","2019-09-19","thiagolopesm","TRUE","2727"
"@quatrotetas @DiegoCesar86 @Synksz Barba Negra sempre vence sendo oportunista, lutando com o bando todo contra um ou com o inimigo já cansado, sozinho ele não vence Dragon, não pro falta de força, mas por falta de coragem. Dragon deve morrer na obra, mas bem mais a frente, bem depois de conversar com Luffy.","FALSE","FALSE","FALSE","2019-09-19","SylasADM","TRUE","2730"
"@BotafogoNews Sempre fez, mas o tempo dele aqui tinha se esgotado... Tava jogando de sacanagem já.... Foi bom pra ele e pra gente a mudança.","FALSE","FALSE","FALSE","2019-09-19","hudnilson","TRUE","2731"
"@universlix esses dias eu to achando uma perda de tempo pq nem com fome eu acordo","FALSE","FALSE","FALSE","2019-09-13","joonnart","TRUE","2732"
"@napaskevicius Eu sempre me meti nas brigas alheias, para evitar conflitos, só que quem acabava desgastado era eu de ficar no leva e traz, sem contar que já me prejudiquei muito em relação a amizades por isso também","FALSE","FALSE","FALSE","2019-09-18","raphaellv","TRUE","2733"
"<U+0001F914> Quem dos meus amigos sofre de dores de cabeça e/ou dificuldade em adormecer? <U+0001F644>","FALSE","FALSE","FALSE","2019-09-17","oriflameSG","TRUE","2735"
"me tornei aquilo que eu sempre julguei que é uma pessoa sem apetite pra nada eu como pq tenho noção que senão comer vou passar mal","FALSE","TRUE","FALSE","2019-09-19","ecomdoisls","TRUE","2736"
"Tem certas coisas q me machucam tanto porém eu exausto de debater assuntos pq n vai levar a nada, sempre saio como dramático e doido, prefiro chorar na minha e td2","FALSE","FALSE","FALSE","2019-09-19","candidogusta","TRUE","2737"
"<U+27A1><U+FE0F> SINEDROL - DESTRUIDOR DE GORDURA <U+0001F48A><U+0001F525> <U+2705>ACELERA METABOLISM <U+2705>QUEIMADOR DE GORDURA E GORDURA LOCALIZAD <U+2705>INIBIDOR DE APETITE E CONTROLE DE ANSIEDAD <U+2705>DIMINUIÇÃO DA RETENÇÃO DE LÍQUIDO <U+2705>100% Natural e Sem Contra Indicações <U+0001F50A>DEIXE SUAS DUVIDAS NOS … https://t.co/YQEPBtENaX https://t.co/IoKQzrNt5a","FALSE","FALSE","FALSE","2019-09-19","jmrendaextra1","TRUE","2738"
"Real, agora eu tô morto da Silva irmãozinho... O tanto de DM que respondi essa noite sobre o mesmo assunto... Pqp, deixa o cara esgotado. Tenho que fazer as artes pra não ficar digitando a mesma coisa sempre.","FALSE","FALSE","FALSE","2019-09-19","_RafaelSantos7","TRUE","2739"
"Não sou como o meu namorido, por exemplo, que quando ele diz que vai dormir apenas vira pro lado, “desliga o disjuntor dele” e dorme. Sou o oposto disso. Também tenho dificuldade de dormir por horas seguidas sem acordar. Acabo sempre acordando no meio da noite, no mínimo uma vez.","FALSE","TRUE","FALSE","2019-09-19","FeAmaral_online","TRUE","2740"
"é sempre assim, me sinto desgastado","FALSE","TRUE","FALSE","2019-09-14","INogecovski","TRUE","2741"
"Eu preciso dormir AGORA e eu tenho dificuldade de dormir a noite, deus me ajude","FALSE","TRUE","FALSE","2019-09-19","sarabyonce","TRUE","2742"
"Tava mó com fome, mas esperando minha mãe chegar pra gnt comer junta. Aí eu descubro q ela já comeu sem mim<U+0001F92F><U+0001F92F><U+0001F92F>","FALSE","FALSE","FALSE","2019-09-19","ju_fortini","TRUE","2743"
"1,6 kg tá me separando da casa dos 50 !!! e mesmo assim eu não paro de comer pqp não sei mais oq fazer essa semana tá foda não consigo me concentrar em nada to cheia de prova e trabalho da facul p fazer e eu não consigo","FALSE","FALSE","FALSE","2019-09-19","anaenough","TRUE","2744"
"Eu queria mto essa camiseta, mas desempregada é sem condições pagar 59,9 https://t.co/fw0Fg2Ckqv","FALSE","FALSE","FALSE","2019-09-19","EuAMariRibeiro","TRUE","2745"
"@veroina_pura @Tocantins79 @cirogomes Decência e gastar bilhões em campanha de políticos e a população morrendo de fome, violência, sem saúde, tá certinho, fica claro porque vc defende ele. Parabéns","FALSE","FALSE","FALSE","2019-09-19","RafaelBuzzo1","TRUE","2746"
"Muito cansado vey","FALSE","FALSE","FALSE","2019-09-19","GabrielDegobi","TRUE","2747"
"@CabralRnd Esse dai ta sempre cansado...nunca da mais...agora ele larga tudo.. desde a primeira vez que eu o vi em minha primeira conta","FALSE","FALSE","FALSE","2019-09-19","Naoseiainda175","TRUE","2748"
"bicho eu menstruava estilo 4 dia mas era 1 semana de dor intensa, náuseas, vômito, dor no estômago, falta de apetite e dor na lomba todo mês eu ficava 1 ou 2 dias inutilizado pela dor nas costas, sem conseguir nem anda ""milagre da menstruação"" o cu dessa galera meu chapa https://t.co/DxawTheJSZ","FALSE","FALSE","FALSE","2019-09-19","AyoCaue","TRUE","2749"
"@GoiasBrasil_voz Privatizações, perda de direitos previdenciários/ trabalhistas, aumento do desemprego, do ódio, da violência, da pobreza e da fome, micro e pequenas empresas fechando, entreguismo, nepotismo, milicias, meio ambiente comprometido, MAS TUDO TER CONSERTO. https://t.co/bBrWdrCuZJ","FALSE","FALSE","FALSE","2019-09-17","SantosJunia","TRUE","2750"
"To muito cansado","FALSE","TRUE","FALSE","2019-09-19","Hennesseyak7","TRUE","2751"
"e ainda vou engordar porque me sinto um saco sem fundo; tenho a sensação de que meu estômago dói por causa de fome, mas não é pq não passa","FALSE","FALSE","FALSE","2019-09-19","luvcarolis","TRUE","2752"
"tô sentindo um vazio em mim.. não é falta de amor, nem fome, é só arrependimento por não ter ido no show do alok :(","FALSE","FALSE","FALSE","2019-09-19","paulitohenlique","TRUE","2754"
"Sem fome e e mas vamo comer ne fazer oq","FALSE","TRUE","FALSE","2019-09-19","hoseoksoft","TRUE","2755"
"Não sei porque invento de sair de casa sem comer nada, fico reclamando toda hora q to com fome","FALSE","FALSE","FALSE","2019-09-19","psmococa","TRUE","2756"
"Tou sem apetite hj <U+0001F615>","FALSE","TRUE","FALSE","2019-09-19","cleobelezapura","TRUE","2757"
"Todo dia uma dificuldade pra dormir e uma vontade enorme de ficar aqui perdendo tempo.","FALSE","TRUE","TRUE","2019-09-19","Galofero","TRUE","2760"
"Antes de tudo,o que é depressão 
A sensação persistente de tristeza ou perda de interesse que caracteriza a depressão pode levar a uma variedade de sintomas físicos e comportamentais que podem incluir alterações no sono, apetite, concentração, comportamento diário ou autoestima","FALSE","FALSE","TRUE","2019-09-19","TevSansou","TRUE","2761"
"@whalechubs a textura é mesmo um pouco estranha kkkkkkkkkkkk mas eu achei gostoso, tentei comer frutas secas mas não desce pq não consigo gostar do gosto, paladar é uma coisa muito incrível né","FALSE","FALSE","FALSE","2019-09-19","melaxcolia","TRUE","2762"
"Bem chegou aquela dificuldade de adormecer","FALSE","TRUE","FALSE","2019-09-15","joao_esteves20","TRUE","2763"
"2 dias seguidos trabalhando exausto por estar virado por não conseguir por causa de sinusite, hoje estarei com a carga de paciência muito baixa","FALSE","FALSE","FALSE","2019-09-19","LuittiCaminha","TRUE","2765"
"Como vou fazer dieta se não consigo parar de comer <U+0001F926><U+0001F3FC><U+200D><U+2640><U+FE0F>","FALSE","FALSE","FALSE","2019-09-19","__robertaf","TRUE","2766"
"Nuuu, sigo andando exausto, mas me doando pra ser uma pessoa melhor e tentando cada dia organizar as coisas, me cuidando um pouco mais. Positividade sempre, msm com os imprevistos sigo sem desistir.","FALSE","FALSE","FALSE","2019-09-19","JWatilen","TRUE","2767"
"Isto de viver à conta dos outros é muito bom...  já num “passado” ofereceram-nos 150.000 empregos... ganhámos fome, miséria,  perda de rendimentos, etc https://t.co/OjOLIxF2qV","FALSE","FALSE","FALSE","2019-09-18","FernandaGarre11","TRUE","2768"
"Aí meu povo , bora criar uns meme novo . Já tô cansado do status do whatsapp ser sempre a mesma bosta","FALSE","FALSE","FALSE","2019-09-19","KaiqueGomes_25","TRUE","2769"
"Cansado de f1 todo dia sozinho,meu deus é muito tediante","FALSE","FALSE","FALSE","2019-09-19","lucas_stoll3","TRUE","2770"
"Doença de Addison ou hipocortisolism doença endocrinológic progride lentamente,os sintomas podem ser discretos ou ausentes até que ocorra uma situação de estresse.Sintomas: fadiga crônica,com piora progressiva;fraqueza muscular; perda de apetite;perda de peso.. #cortisol https://t.co/PxvQt4zP9I","FALSE","FALSE","FALSE","2019-09-18","Marya_Roseiral","TRUE","2771"
"to muito exausto de corpo e alma af eu só queria dormir umas 24h","FALSE","TRUE","FALSE","2019-09-19","pedromachadow","TRUE","2772"
"@lbertozzi O Real sempre foi um time com deficiências Léo. Se encondia atrás dos gols de Criatiano que agora saiu. Futebol de Zidane nunca encantou, e sempre escapou de maiores derrotas contando com a sorte ou erros de arbitragem como os jogos como o Bayern.. Elenco ta desgastado e velho!","FALSE","FALSE","FALSE","2019-09-19","RuanMat22906672","TRUE","2773"
"excesso de sono e perda de apetite... a morte vem","FALSE","TRUE","FALSE","2019-09-18","_luhavila","TRUE","2774"
"Muito! Mesmo, é muito legal 
Mas eu tô desgastado de um jeito que meu senhor","FALSE","FALSE","FALSE","2019-09-18","leodamin","TRUE","2775"
"que inferno eu quero comer e não consigo","FALSE","FALSE","FALSE","2019-09-19","camilao16_","TRUE","2776"
"comi tanto ontem que hoje to sem fome","FALSE","FALSE","FALSE","2019-09-19","focuzbitch","TRUE","2777"
"@LeiaRachor @tempocarioca Infelizmente ainda tem o voto cabresto!! No norte e no Nordeste se votam pela barriga infelizmente a fome e a falta de escolaridade ainda é muito grave!! E os políticos os mantêm assim!!!!","FALSE","FALSE","FALSE","2019-09-19","LindaTannus","TRUE","2778"
"Sem apetite nenhum <U+0001F912>","FALSE","TRUE","FALSE","2019-09-19","Saravitoria57","TRUE","2779"
"meu café da manhã tá sendo 1 banan nem é pq to querendo ser saudável é só falta de apetite mesmo","FALSE","TRUE","FALSE","2019-09-19","m3lancolica","TRUE","2780"
"@GrecoBlue sempre, né? exausto dessa narrativa","FALSE","FALSE","FALSE","2019-09-19","pedrow","TRUE","2781"
"to sem apetite pra almoçar ultimamente","FALSE","TRUE","FALSE","2019-09-19","undsclosedesire","TRUE","2782"
"@gitezoni isso é por causa da sua energia e carinho... Você é muito autêntica em frente ao webcam com seua princípios e isso só atraí pra você o mesmo gisolinha... quando assisto você eu mudo de comportamento sem notar <U+2764> vc merece o mundo mexxxmo, por mais pessoas assim sempre !","FALSE","FALSE","FALSE","2019-09-19","orlweber","TRUE","2783"
"@MarcosCoppi Pelo bem da Argentina seria bom,mas,não sei,Macri está muito desgastado","FALSE","FALSE","FALSE","2019-09-19","bethambrosio09","TRUE","2784"
"@diogomainardi @AnaCris_ZANA Engraçado, agora joga toda a responsabilidade dessa desgraça para o presidente,  claro que tem que vetar tudo, porém quem ficará  desgastado é  sempre onpresidente.  O parlamento imundo miserável.","FALSE","FALSE","FALSE","2019-09-19","Isabel72242673","TRUE","2785"
"Nós entramos em êxtase, era uma loucura, todo mundo tentando comprar, porém sempre dava esgotado, ou a Maria não respondia, ou mamãe me barrava, e mais uma vez, eu perdia as esperanças, e como sempre vocês estavam ali, me dando ânimo mais uma vez, por mais simples que fosse... https://t.co/7jcgE3Y0kL","FALSE","FALSE","FALSE","2019-09-18","minmonjin","TRUE","2786"
"Alguém mais tá esgotado essa semana? Gente eu tô MUITO cansada!","FALSE","TRUE","FALSE","2019-09-19","MilaStorino","TRUE","2787"
"Um dos sintomas de sinusite é a perda do paladar mas taurino é tão morto de fome que isso não aconteceu cmg kk<U+0001F433>","FALSE","FALSE","FALSE","2019-09-18","Faeloliveira_66","TRUE","2788"
"me sentindo muito cansado","FALSE","TRUE","FALSE","2019-09-19","dnjagua","TRUE","2792"
"@lucas_musetti Eu tbm sempre defendi, mas infelizmente ficou desgastado no clube. Vida que segue! Boa sorte!!!","FALSE","FALSE","FALSE","2019-09-19","CopeteMatador","TRUE","2795"
"@LeitoraCompuls2 @categcc vai envolver fraldas, choros, rabos assados, ranho, arrotos, mudança de densidade e pastosidade das fezes, cheiros, mamilos doridos, mamas secas, problemas com o parto, cortes do parto, dores de costas, dores generalizadas, pernas inchadas, sono, fala de sono, perda de apetite...","FALSE","TRUE","FALSE","2019-09-18","nuvensdefumo","TRUE","2796"
"E eu que to morrendo de fome, sem dinheiro e tava indo almoçar com meu pai, mas acabei correndo e pegando o 04 simplesmente pq vi ele passando por mim e n tinha ideia de q hrs ele passaria novamente. Vida de Cubatense que pega buso é triste, tu prefere ter fome a perder o buso","FALSE","FALSE","FALSE","2019-09-19","anaana394","TRUE","2797"
"Sonho com o dia que eu vou ter uma noite completa de sono sem ter que ficar acordando a cada 1 hr","FALSE","TRUE","FALSE","2019-09-19","bisgabi","TRUE","2799"
"vou dormir mal , mas meu abraço foi sincero e com doses de saudade. mas foda-se , na sinceridade vao por maldade, mas so qeria dizer qe foi bom te ver teu cheiro chegou primeiro, to ate agr com dificuldade pra respirar , mas o sonho bom ja garanti 
( desabafo da madruga )","FALSE","FALSE","FALSE","2019-09-19","pretamirrage","TRUE","2800"
"@SF_Moro Porque não se fala em cortes em orçamentos de Congressistas,tantos auxílios,cartões corporativos,ternos......até quando vai esse absurdo,e o povo pagar por esses luxos...enquanto a realidade de muitos é a fome,e morte em hospitais por falta de investimento?","FALSE","FALSE","FALSE","2019-09-19","Alex71059401","TRUE","2801"
"@jairbolsonaro Me admiro de um repórter de longa data por culpa numa pessoa que pegou esse país desgastado ...de tanto roubo....e muitas coisas que são comentadas nem sempre é verdade ....eu sou o presidente Bolsonaro ....ele não pode fazer milagre ....difícil tanta gente podre nesse governo ..","FALSE","FALSE","FALSE","2019-09-13","Marta81313692","TRUE","2802"
"@xossin KSKGKFFKKKKK CONVERSAS ALEATORIAS DE DUAS PESSOAS COM MTO SONO SEM NOÇÃO DOQ FALAM","FALSE","FALSE","FALSE","2019-09-19","isabfontanari","TRUE","2803"
"o auge da saudade é dormir com uma blusa que tem o cheiro dele, não consigo dormir sem essa blusa","FALSE","FALSE","FALSE","2019-09-19","mr_barroso16","TRUE","2805"
"Não consigo comer direito mais","FALSE","TRUE","FALSE","2019-09-19","Crvg_Emerson6","TRUE","2806"
"Pode não parecer, mas eu odeio ficar ociosa no trabalho. rs Além de me dar sono, me sinto mal de ver as pessoas do trabalho fazendo algo e eu não. Eu fico caçando algo, perguntando se alguém quer ajuda pra algo, mesmo que não seja meu dever.","FALSE","FALSE","FALSE","2019-09-19","melaninadoam","TRUE","2807"
"Único setor esgotado é o inferior vermelho (carga de ingressos do Cruzeiro), no site futebol card (ingressos do @Mineirao) ainda tem muito inferior vermelho, porém o preço praticado, é de 40$ inteira e 20$ meia. Se deseja comprar nesse setor, segue o link https://t.co/e55uStYHVa","FALSE","FALSE","FALSE","2019-09-19","VamosComTudoCEC","TRUE","2808"
"@prosamorbida por isso q nao consigo dormir direito q odio pare de sonhar comigo","FALSE","FALSE","FALSE","2019-09-19","y4smin4a","TRUE","2809"
"Perda de apetite, insônia, vontade de ficar sozinha, qq ta acontecendo comigo <U+0001F44E>","TRUE","TRUE","FALSE","2019-09-19","vulgo_isabelle","TRUE","2810"
"não consigo dormir pq minha mãe tá desde cedo ouvido música na maior altura véi tô me irritando","FALSE","FALSE","FALSE","2019-09-19","demistido","TRUE","2811"
"Ta aquecendo o negócio, já está esgotado, mas sempre tem um espaço para os que ousam!! https://t.co/YtOmf5j9EU","FALSE","FALSE","FALSE","2019-09-18","ReneTerraNova","TRUE","2812"
"@gabrielwelterr @yuri_zilles Se ainda tem uma chance remota ela passa por vencer o Flamengo no maracanã, ou seja inviável praticamente, a gente sabe que se conseguir um empate já vai ter comemoração... falta fome de vencer fora de casa.","FALSE","FALSE","FALSE","2019-09-19","Vinykuhn","TRUE","2813"
"Eu e meus problemas para manter adormecer acompanhados por dificuldade de manter o só o pois pernas inquietas. 
0h e eu querendo correr uma meia maratona.  Vou para a esteira, 5 min quero morrer","FALSE","FALSE","FALSE","2019-09-10","eairenata","TRUE","2814"
"N aguento mais essa falta de apetite","FALSE","TRUE","FALSE","2019-09-19","HeloisaaCastro","TRUE","2815"
"Fiz meu cérbreo de meu melhor amigo e do meu coração um bom auxiliar , para q utlzr pessoas pr isso , c no final vc termina sozinho , desgastado mentalmente e triste , pessoas são muito complicadas d se entender , por isso prefiro perder o meu tempo tentando apenas me entender .","FALSE","FALSE","TRUE","2019-09-18","Mk_crf2805","TRUE","2816"
"@esqu1lofrenia Usamos 2 cobertas aqui.Só q na hora de dormir ficamos de conchinha e usamos uma só,mas como meu marido tem sono agitado então eu ficava em plena madrugada c/frio e sem coberta,hj em dia eu cato a extra p/me cobrir.Tenho 11 anos de casada e sou bem feliz<U+0001F64C><U+0001F609>","FALSE","FALSE","FALSE","2019-09-19","Jade11081","TRUE","2817"
"Ser condenado pelo seu passado é foda  Você pode fazer o que for , nunca ngm acredita  Sempre volta trazer a tona tudo de novo .  #esgotado","FALSE","FALSE","FALSE","2019-09-19","Binhozitoo","TRUE","2818"
"@childrnn relaxa que eu também sempre pensei igual à você kkkk, e por mais que o que tenha falado faça sentindo e eu acredite pode ser também que ela tenha sido de fato pior (não que não tenha sofrido com tudo tbm) pois ele sempre pareceu bem mais desgastado do que ela","FALSE","FALSE","FALSE","2019-09-15","thedavincicodeo","TRUE","2819"
"Ando desgastado mas sempre a rockar na maior","FALSE","FALSE","FALSE","2019-09-12","_marquesruben_","TRUE","2820"
"Se eu dormir 5 horas eu até consigo ter rendimento estudando mas se eu dormir menos que isso como hj senhor não consigo prestar atenção em nada #quintadetremurasdv","FALSE","FALSE","FALSE","2019-09-19","anjoviv","TRUE","2821"
"Eu ia na intenção de dividir pegava no sono e me enrolava na coberta e o coitado ficava sem, aí ele pegava outra e dividia comigo também kkkkkkkkkkkk melhor parte de namorar è dormir junto <U+0001F646><U+0001F3FC><U+200D><U+2640><U+FE0F> https://t.co/KhbNUEtoD6","FALSE","FALSE","FALSE","2019-09-19","oimoeller","TRUE","2621"
"Sdd de quando eu tinha alguém cujo assunto não envolvia os seguintes tópicos 
a) atlética b) festa da atlética c) pessoas da atlética d) aluno de rel no gera e) Apex f) meu estágio na Apex g) minhas aulas h) meus probleminhas 
Eu tô muito cansado sério 
De tudo","FALSE","FALSE","FALSE","2019-09-19","BarbosaLucks","TRUE","2622"
"Nunca tive relações incríveis com pratões, lanchinhos no meio do dia, nem o blablabla de ""3 em 3 horas 
Só como quando tenho fome SIMPLES (inclusive aprendi em fisiologia que se o corpo pede comida é pq detectou que falta nutrientes e ele precisa, então se não pede NÃO PRECISA)","FALSE","FALSE","FALSE","2019-09-19","anacamposc_","TRUE","2623"
"Não sei o que está acontecendo comigo, parace que quanto eu mais durmo, mais sono eu sinto.","FALSE","TRUE","FALSE","2019-09-19","LariCouto15","TRUE","2822"
"Vamos a análise do jogo de alguém que não torce pra nenhum dos dois times, então sem clubismo 
- Athléthico entrou com mais fome de títul - Inter em vários momentos apático e sem raç - Juiz só apitava falta pro Athléthic - Inter sentiu a falta do Dale","FALSE","FALSE","FALSE","2019-09-19","robbson","TRUE","2825"
"com fome mas sem apetite. ou seja, hoje ou eu passo mal por não comer ou eu passo mal por comer","FALSE","TRUE","FALSE","2019-09-19","valdezones","TRUE","2826"
"Tô sem fome nenhuma :(","FALSE","TRUE","FALSE","2019-09-19","C_Kely17","TRUE","2830"
"eu não consigo mais dormir antes das 3h e acordar antes das 11h <U+0001F62A><U+0001F62A><U+0001F62A>","FALSE","FALSE","FALSE","2019-09-19","matoso_italo","TRUE","2831"
"Estou 3 dias sem dormir  direito  para ver se eu consigo dar conta mas meu corpo não  aguenta  mais","FALSE","FALSE","FALSE","2019-09-19","joanassantos2","TRUE","2832"
"parei nesse frame da minha festa de 15 anos e me lembro do quão horrível foi viver essa época. toda prova do vestido tinha que ajustar cada vez mais devido a minha perda de peso 
eu não me permitia comer quando sentia fome. espero q ngm passe por isso https://t.co/JNRpeQHbYl","FALSE","FALSE","FALSE","2019-09-17","luiza_soso","TRUE","2833"
"@brunoandrd Muito do sucesso madrilenho parte disso. Acho que o grupo já tá desgastado e deu o que tinha que dar 
Olha o Lopetegui. Não conseguiu nada com esse Real e hoje é líder da La Liga, com um time inferior. Isso pode até atrapalhar a construção de jogadores como Rodrygo e Vinícius.","FALSE","FALSE","FALSE","2019-09-19","gil_case","TRUE","2834"
"Não aguento mais pensar em Enem vei, só quero que isso passe logo pq tô muito desgastado já","FALSE","FALSE","FALSE","2019-09-19","lucaseduarrp","TRUE","2835"
"A descoberta do dia John Mayall gravado a 12 de Julho de 1967. O disco mais antigo que guardo, tal como eu algo desgastado pelo passar dos anos, mas sempre bom #johnmayall https://t.co/aiThb5HcB3","FALSE","FALSE","FALSE","2019-09-19","lpiecho","TRUE","2836"
"Ontem um grande amigo meu, falou que estava tendo insônia e dificuldade pra dormir a uns dias, ele depois que disse isso, parou de falar olhou pra mim e disse: agora eu sei pelo o que você passa todo dia! <U+0001F937><U+200D><U+2642><U+FE0F>","FALSE","TRUE","FALSE","2019-09-19","matheusgaliaco","TRUE","2837"
"@FreeFireBR Eu não tô conseguindo nem entrar direito, ta dando rede ocupada e tempo esgotado. Ta muito ruim","FALSE","FALSE","FALSE","2019-09-19","fluminxnsefc","TRUE","2838"
"acordado desde 2 horas da madrugada, to exausto, sem apetite e puto ao mesmo tempo.","FALSE","TRUE","FALSE","2019-09-19","X_Videos_mp3","TRUE","2839"
"@joaoamoedonovo Sabe. Já estou exausto desta merda toda. Este congresso quer ganhar no cansaço.  As pessoas tem mais o que fazer (trabalhar) do que ficar fiscalizando sempre. E como e difícil digitar e se controlar para não perder as estribeiras.","FALSE","FALSE","FALSE","2019-09-19","JohnMan48918009","TRUE","2840"
"cara, me deixa sem dormir mas não me deixa sem comer porque eu viro o CÃO. acho que nunca me senti tão insuportável como hoje com fome","FALSE","FALSE","FALSE","2019-09-19","caamueller","TRUE","2841"
"@NivinhaFla @Ninhodanacao Muito louco. Fiquei o dia todo tentando e fui perguntar pra eles se tinha esgotado mesmo pra não fazer a gente de palhaço perdendo nosso tempo. Mesma resposta sempre: indisponível https://t.co/2GVYiiPMxy","FALSE","FALSE","FALSE","2019-09-18","felipebrowne2","TRUE","2842"
"@Galhardog @vitaothejhonson E a insônia trouxe essas vozes que gritam com o silênci Um julgamento falho, Você vale mais que um anúncio A vida tá sendo dura E exige que tu seja esperto E tudo que eu queria me importa E se o raka ta queimando certo","FALSE","TRUE","FALSE","2019-09-19","MuriloBuissa","TRUE","2843"
"Eu só fui conseguir dormir às 6 e pouco da manh 
Literalmente com crise de insônia e ansiedade junto, os barulho na sala pq ngm respeita ngm nessa casa, as paranóia do meu sonho q eu tive terça pra quarta.","FALSE","TRUE","FALSE","2019-09-19","AnnaNitsch3","TRUE","2844"
"Insônia todo dia não da","FALSE","TRUE","FALSE","2019-09-19","Thatafv","TRUE","2845"
"Time do Inter todo doido, não bota a bola no pé faz faltas bestas e parece muito desgastado","FALSE","FALSE","FALSE","2019-09-19","brunasevla","TRUE","2846"
"Eu me deitei com o intuito de ir dormir, mas como sempre, não consegui... Todas aquelas memórias e frases voltaram à minha mente e as lágrimas não paravam de cair Eu me sentia presa, com dificuldade em respirar, até porque eu estava chorando em silêncio, torcendo para que +","FALSE","TRUE","FALSE","2019-09-19","viii___02","TRUE","2847"
"@mariomagalhaes_ @andreolifelipe História de um guerrilheiro comunista.. Então ele luta por ditadura, pela perda dos direitos, pelo fim da liberdade individual Luta pela fome e miséria .. 
Obrigado mas não quero não...","FALSE","FALSE","FALSE","2019-09-13","moscasagaz","TRUE","2848"
"@LOEYDEVIL ele sempre fica com olheiras quando está trabalhando muito, mas eu nuca vi o baekhyun tão esgotado assim desde que me tornei exol... eu tô preocupada demais","FALSE","FALSE","FALSE","2019-09-19","byunpalette","TRUE","2625"
"Ai, SP é complicad Sai de casa com a previsão do tempo de 30°C sem chuva e sol o dia tod Agora o que temos? Chuva, vento e fri Muita emoção em ser paulista","FALSE","FALSE","FALSE","2019-09-19","whmsilva","TRUE","2941"
"tive um sonho louco acordei sem saber se foi sonho ou realidade com confirmaram q foi realidade acordei agora e tudo isso foi só sonho msm to até triste pq foi mo bom","FALSE","FALSE","FALSE","2019-09-19","SousaLudimilla","TRUE","2942"
"@skgaming_felipe @mibr @NiPGaming @FalleNCS @GeT_RiGhT 22:20 irmão, sem emoção não é mibr","FALSE","FALSE","FALSE","2019-09-19","nuubfps_","TRUE","2946"
"por deus sem animo pra NADA essa semana","FALSE","FALSE","FALSE","2019-09-19","killemind","TRUE","2947"
"to triste pra caralho vo me mata fodase kkkk","TRUE","FALSE","TRUE","2019-09-19","EpaSoraya","TRUE","2948"
"me cansei já desses filho da puta ramelando comigo vou matar todo mundo nessa porra","FALSE","FALSE","FALSE","2019-09-19","bieeeeeeeel_","TRUE","2949"
"Vocês imaturos da merda que gozam com isto, não sabem o quao mal é preciso estar p chegar a este ponto, e nng o faz e continua só porque sim, nem sempre é por falta de atenção ou wtv <U+0001F609> https://t.co/P9eSAUUcGa","FALSE","FALSE","FALSE","2019-09-19","young_romao","TRUE","2950"
"caralho eu vou trancar o curso e me matar na moral nao da mais","TRUE","FALSE","FALSE","2019-09-16","feminwsts","TRUE","2951"
"Hoje é a missa de 7ºdia do meu pai e eu já tinha marcado terapia para o mesmo horário. Consegui me manter firme no meu desejo de NÃO COMPARECER à igreja, pois eu não sou religiosa e acho isso um protocolo sem sentido.","FALSE","FALSE","FALSE","2019-09-19","bruchristino","TRUE","2952"
"Emoção pra refinar a droga, frieza pra vendê-la <U+0001F3B6><U+0001F3B6>","FALSE","FALSE","FALSE","2019-09-19","sem_cutchaarras","TRUE","2953"
"hoje vou ter q me matar","FALSE","FALSE","FALSE","2019-09-19","archixe","TRUE","2954"
"Fizeram um feitiço para me matar, mas no dia da festa eu vou lá","FALSE","FALSE","FALSE","2019-09-19","gabifreixobfr","TRUE","2955"
"JA FUI FALSAMENTE ACUSADO DE ASSEDIO E FOI PROVADO Q N FIZ. O PAI DA VAGABUNDA, Q ERA POLICIAL, DEU DE DEDO NA MINHA CARA E AMEAÇO ME MATAR. ENTÃO DECLARO, HOJE, NO DIA 17/09 QUE NÃO VOU MAIS ME RELACIONAR COM SERES DO SEXO FEMININO PQ SOU UM FRUSTRADO E VCS TODAS LINDAS.","FALSE","FALSE","FALSE","2019-09-17","DoubleCheedar","TRUE","2956"
"@karoleduuarda Mais é menina, sabe aqueles dias que você fica sem ânimo pra nada só quer ficar deitada ... Eu ultimamente","TRUE","FALSE","TRUE","2019-09-19","ArianaCorradeS1","TRUE","2957"
"@Minboom5 @RafaelMorgan @BolsonaroSP @Rconstantino @o_antagonista Parceiro eu concordo com muita coisa que disse e algumas não, eu não pertenço a nenhuma destas seitas, torço pelo Brasil, automaticamente desejo sucesso ao Jair, mesmo com os erros que ele comete algumas vezes, mas é crucial estarmos vigilantes com todos, sem exceções mesmo","FALSE","FALSE","FALSE","2019-09-19","GBHZ45","TRUE","2958"
"to ligando pra mais nada, desanimado total","FALSE","FALSE","TRUE","2019-09-19","JulioHSP_","TRUE","2960"
"@RuannVilela Tô meio desanimado viu nego mas ses tão me  animando vou agitar algo","FALSE","FALSE","TRUE","2019-09-19","Rhael75116037","TRUE","2961"
"Sem vontade nenhuma de ir ora facul","FALSE","FALSE","TRUE","2019-09-19","ccbaccas_","TRUE","2962"
"@Marilia_090 To mt triste, vo beber p passar","FALSE","FALSE","TRUE","2019-09-19","LaguzzaEu","TRUE","2963"
"tô triste pq eu tô muito afim dele mas travo qnd a gente tá conversando, q saco","FALSE","FALSE","FALSE","2019-09-19","aaronpoderosa","TRUE","2964"
"@Anitta Quando vc vai me notar de novo ???? dessa vez vou me matar kkkkkkk","FALSE","FALSE","FALSE","2019-09-19","anittapowwer","TRUE","2965"
"@jbortolinn Eu tô desanimado por que tô se grana","FALSE","FALSE","FALSE","2019-09-19","joaovitorsilvin","TRUE","2966"
"sem vontade nenhuma de estudar hj","FALSE","FALSE","TRUE","2019-09-19","Jamilly_victt","TRUE","2967"
"tenho esse problema de que existo sem desejo de fazer nada nunca, mas sempre faço promessas e sempre os mantenho. Vivo assim.","FALSE","FALSE","TRUE","2019-09-19","mermaidcomplex","TRUE","2968"
"UM MINUTO DA ATENÇÃO DE VCS: Falta um mês pras minhas férias. UM MÊS.","FALSE","FALSE","FALSE","2019-09-19","thatateodoro_","TRUE","2969"
"Que sono, não dá mais, vou ter que me matar. <U+0001F921>","FALSE","FALSE","FALSE","2019-09-19","swrtte","TRUE","2970"
"vcs tambem tem umas fases de pensar nossa vou me cuidar eu era tao mais bonita antes e agr to um cabaço ai vc vai e olha fotos da epoca q vc se achava bonita e ainda era feia? entao vou ali me matar rapidao e espero nao voltar","FALSE","FALSE","FALSE","2019-09-16","estontear","TRUE","2971"
"Ontem foi uma noite muito boa Eu e a Rayane com apenas dois ensaio Minha professora me deu uma peça para tocar com uma semana de praz Tive que tocar sem estar de co Lendo a partitura no maior desesper 
A emoção foi grand 
Tocar ao público tá virando uma paixão","FALSE","FALSE","FALSE","2019-09-19","pikinesa","TRUE","2972"
"Eu vou me matar antes dos 20, certeza","TRUE","FALSE","FALSE","2019-09-19","PAOCOMOVNI","TRUE","2973"
"Que merda, essas coisas me deixam muito triste, mas nem vou falar nada pra não ser chata","FALSE","FALSE","TRUE","2019-09-19","eduardamaria_24","TRUE","2974"
"Só não tirei 10 por falta de atenção, cuidado com o burro kkkk","FALSE","FALSE","FALSE","2019-09-19","viniciusCRF2","TRUE","2975"
"Minha unha quebrou vou me matar","FALSE","FALSE","FALSE","2019-09-19","amandalabancaa","TRUE","2976"
"[2-1] FC Porto-Young Boys: Começa a segunda parte https://t.co/i9DmPhaxjp #desportoaominuto","FALSE","FALSE","FALSE","2019-09-19","noticiaaominuto","TRUE","2977"
"eu vou me matar eu nao aguento mais eu sou um lixo kkkkkkk","TRUE","FALSE","TRUE","2019-09-19","ifpcyeol","TRUE","2978"
"Quase desistindo das redes sociais! Depois de ver tanta hipocrisia e canalhice juntas, e a gente sem poder fazer nada, meus instintos mais primitivos afloraram! Meu desejo, hoje, é q caia uma bomba  naquele Congresso e acabe com tudo! E, eu n sou assim, isso está me fazendo mal! https://t.co/yM21Jc2fiy","FALSE","FALSE","FALSE","2019-09-19","lilalopes63","TRUE","2979"
"@paulocorreia4 @castrojr76 Se jogar mais a frente, não precisa de defender tanto e chega mais vezes a baliza. Alem disso o Ano passado quando o Sporting tinha um trinco, não precisava de defender tanto... E atenção não era grande apreciador do Guedelj, mas agora sinto falta dele","FALSE","FALSE","FALSE","2019-09-19","MiguelQueCorre","TRUE","2980"
"eu tô presa no grupo q as pessoas fingem q são velhinhos confusos com a tecnologia e n consigo sair mais","FALSE","FALSE","FALSE","2019-09-19","littledorga","TRUE","2981"
"sem vontade de ir p academia hj","FALSE","FALSE","FALSE","2019-09-19","DudaFortunato4","TRUE","2982"
"vontade de sair por ai sem rumo tnc","FALSE","FALSE","FALSE","2019-09-19","yasminbastreghi","TRUE","2983"
"sem ânimo e forças p sair da cama","FALSE","TRUE","TRUE","2019-09-19","Jm_Net0","TRUE","2984"
"Já tem mais 2 semanas q tô tendo uns pesadelos muito estranhos, que eu n consigo sair e no final de quase todos eu morro daí acordo","FALSE","FALSE","FALSE","2019-09-19","Caioo_Menezes","TRUE","2985"
"Vei será que eu to com tendinite? pqp minha mão ta doendo pra kc N consigo nem estralar pq parece q vai sair do lugar e n voltar mais","FALSE","FALSE","FALSE","2019-09-19","vncsfreitas","TRUE","2986"
"Eu tô tão desanimado de tudo","FALSE","FALSE","TRUE","2019-09-19","igoraddrr","TRUE","2987"
"Ae,vou me matar ainda esse ano Da mais não.","FALSE","FALSE","FALSE","2019-09-19","_fvck00","TRUE","2988"
"Como sempre sem ânimo pra nada. Grande dia <U+0001F44D>","FALSE","FALSE","TRUE","2019-09-19","Nghbudlol","TRUE","2989"
"sem ânimo pra qualquer tipo de coisa","FALSE","FALSE","TRUE","2019-09-19","brucevwyne","TRUE","2990"
"um dia eu li a seguinte frase: ""pra quem tem crise de ansiedade, gostar de alguém é o maior castigo que existe"". mano, eu nunca li tanta verdade, qualquer palavra mal interpretada, falta de atenção  já te tira umas 3 noites de sono, só por você se sentir tão insuficiente para ele","FALSE","FALSE","TRUE","2019-09-19","pqpgabryella","TRUE","2991"
"@ikarismadden @SrtaP4nda @Pabloss007 @tayrk fazer a sonsa?? eu nao tenho desejo nenhum de ver coisa errada no desenho, tanto q quando vi o tweet falando de cancelar achei q era zoeira, o video pra mim foi ofensiv sem necessidade de agir assim","FALSE","FALSE","FALSE","2019-09-19","diangelosun","TRUE","2992"
"Tô sem ânimo pra nada <U+0001F610>","FALSE","FALSE","TRUE","2019-09-19","reis_stephanye","TRUE","2993"
"To triste de não poder ir no aniversário do be <U+0001F615>","FALSE","FALSE","FALSE","2019-09-19","cristianrruz","TRUE","2994"
"Tô com febre tô com falta de ar  Não desejo isso pra minha inimiga","FALSE","FALSE","FALSE","2019-09-19","alana_gabizinha","TRUE","2995"
"Desanimado de sair pra treinar <U+0001F3C3><U+0001F3C3>","FALSE","FALSE","TRUE","2019-09-19","mh_sheik69","TRUE","2996"
"<U+0001F331> Quando eu comecei a ser vegetariana em 2014 meu objetivo era por conta dos animais! Em 2016/ 17 comecei a comer carne, por desejo e falta de entendimento. Em 2019 comecei a praticar yoga, já estou a 6 meses e meu professor sempre falou sobre a alimentação vegan","FALSE","FALSE","FALSE","2019-09-19","caroolaurelio","TRUE","2997"
"ai vei, n consigo mais sair do 840 QUE INFERNO","FALSE","FALSE","FALSE","2019-09-19","joashihara","TRUE","2998"
"@xdebrusk @jennmoraess kk essa liga é muito triste","FALSE","FALSE","TRUE","2019-09-19","melcesario","TRUE","2999"
"Meu deus que redação foi essa, pura derrota eu não aguento mais, não entendi o tema vou me matar","FALSE","FALSE","FALSE","2019-09-19","agustxtaev","TRUE","3000"
"Status: mais desanimado que o Edenílson depois de tomar uma caneta de letra do Cirino","FALSE","FALSE","TRUE","2019-09-19","oEWERTONVIEIRA","TRUE","3001"
"Tem fases na vida que prefiro não dizer nada sobre mim. Apenas desejo fazer e deixar a vida acontecer sem narrativa 
Às vezes me calo e deixo que os outros tirem suas próprias conclusões. É como se eu estivesse cansado de provar quem eu sou com explicações redundantes.","FALSE","FALSE","FALSE","2019-09-19","luquinhasales96","TRUE","3002"
"e eu com pânico de sair do laboratório e encontrar mais pessoas n consigo ir embora","FALSE","FALSE","FALSE","2019-09-19","_cynthiacunha","TRUE","3003"
"eu vou me matar não é possivel","TRUE","FALSE","FALSE","2019-09-19","aholaclari","TRUE","3004"
"tava fazendo as contas, não dá mais esse mês eu vou ter que me matar","FALSE","FALSE","FALSE","2019-09-19","dudyzao","TRUE","3005"
"@LucasViera5 @mibr @NiPGaming @FalleNCS @GeT_RiGhT 22:20... sem emoção não é mibr","FALSE","FALSE","FALSE","2019-09-19","nuubfps_","TRUE","3006"
"Eu fiquei muito triste com esse vídeo https://t.co/IwxCM1Shg2","FALSE","FALSE","FALSE","2019-09-19","alohaaeu","TRUE","3007"
"@bmgseo @_OtakusBrasil cara pra ser honesto faz tantos anos q eu nem sei se posso te falar com certeza o q me incomodou, mas acho q um dos problemas era o desenvolvimento... eu já tava desanimado e quando chegou no ep 9 e foi de praia eu drope  mas eu lembro q tinha coisas q me interessava no anime","FALSE","FALSE","TRUE","2019-09-19","GuiLixinho","TRUE","3008"
"será que eu mereço toda essa falta de consideração? crl eu dou carinho, atenção, mando msgm fofa, me viro do avesso pra ver a pessoa feliz, dou o meu melhor, me importo e no final tomo no c isso é certo? será que sou uma pessoa tão ruim pra merecer isso?","FALSE","FALSE","FALSE","2019-09-19","CamilaV79567187","TRUE","3009"
"Se tiver Luan Santana dnv e não tiver ferrugem nos shows de verão eu vou me matar","FALSE","FALSE","FALSE","2019-09-19","Zecacars","TRUE","3010"
"Só não me mato pq sei que se eu me matar vou para o inferno e entre sofre mais um pouco e sofre para o resto da vida prefiro sofre mais um pouco","TRUE","FALSE","FALSE","2019-09-19","FabiMoreira557","TRUE","2849"
"eu vou matar a marianeeeeeeee!!!!! eu aqui toda viajada nas minhas neuras de tpm e ela me liga DO OUTRO LADO DA PORRA DO OCEANO fazendo pegadinha de que não me queria mais...... 
EU TÔ TREMENDO ATÉ AGORA","FALSE","FALSE","FALSE","2019-09-17","jujudalessio","TRUE","2850"
"vcs que ficam falando que eu estou magro, que eu tô emagrecendo e os caralho, você estão certos. Eu emagreci muito desde o final do ano e n é por falta de tentar. Eu n consigo sair de casa mais, n consigo ficar mais na rua, n consigo comer direito, tem dia q+","TRUE","TRUE","FALSE","2019-09-19","matheusseba","TRUE","2852"
"Não aguento mais essa vida de dormir 3/4h por dia mas tbm n consigo sair dela","FALSE","FALSE","FALSE","2019-09-19","llalmdj","TRUE","2853"
"Vão me matar, mas vou dizer. Sempre vi o suicídio como um direito de cada um. Nunca olhei pra ele como solução, mas há quem enxergue nele o fim da dor. Todos têm o direito de não sentí-la mais. É importante... https://t.co/0gveWrmNmg","TRUE","FALSE","FALSE","2019-09-16","silmargama","TRUE","2868"
"sem ânimo e disposição pra ir na facul, grande dia","FALSE","FALSE","TRUE","2019-09-19","denebzl1","TRUE","2887"
"Sem ânimo de ir na facul hj","FALSE","FALSE","TRUE","2019-09-19","MarcelooMateus","TRUE","2888"
"humildade é necessária sem emoção no procede nós ta ae","FALSE","FALSE","FALSE","2019-09-19","Paulosilva334","TRUE","2891"
"Acho que nem 1 semestre eu estive tão  desanimado de ir pra aula","FALSE","FALSE","FALSE","2019-09-19","_maaathb","TRUE","2892"
"Os jogadores do inter deveriam ver isso e tentar dar mais de si em campo... não jogar sem vontade https://t.co/67z5Llsiz6","FALSE","FALSE","FALSE","2019-09-19","anareginatto_","TRUE","2893"
"quando Lucas tava triste eu fazia varias coisas gostosas para comer, hoje estou muito triste e fiz um bolo de chocolate","FALSE","FALSE","FALSE","2019-09-19","soukalinka","TRUE","2897"
"Sem espaço pra emoção a rua ensina, se eu seguir só meu coração me fodo na próxima esquina","FALSE","FALSE","FALSE","2019-09-19","JonataLopes8","TRUE","2898"
"“pai, se não for da sua vontade não permita que chegue até mim” sem dúvidas é td o que peço pra minha vida inteira","FALSE","FALSE","FALSE","2019-09-19","KarenEm42850413","TRUE","2918"
"@monica_benicio @jairbolsonaro Kkkk "" Terão um triste fim"".<U+0001F602><U+0001F602><U+0001F602><U+0001F602><U+0001F602><U+0001F602><U+0001F602><U+0001F602> Olha a esquerda peçonhenta pregando seu ódio!  Lixo! Depois se vitimizam. Vcs são muito incoerentes.","FALSE","FALSE","FALSE","2019-09-19","rrevangelista","TRUE","2927"
"percebi q pra eu ficar com alguém é só qnd eu tiver louca/chapada, não consigo marcar de sair pq quando chega o dia eu fico desesperada e n quero mais","FALSE","FALSE","FALSE","2019-09-19","eunattthalia","TRUE","2928"
"...só a metade, recheio de carne e queijo. Ah, e com queijo duplo. Pra levar. A moça termina de ouvir, calmamente o desejo e, então, profere a mais improvável de todas as frases que se espera ouvir em um Subway 
– Desculpa, senhor, mas estamos sem pão 
Detalhezinho.","FALSE","FALSE","FALSE","2019-09-19","GuiDMS","TRUE","2932"
"Ainda mais q eu realmente n posso sair, andar e tals, meu pé incha muito e eu quase não consigo andar, MT INFERNO!!!","FALSE","FALSE","FALSE","2019-09-19","Ana_Moraes00","TRUE","2933"
"aí meu eu odeio tomar remédio de ansiedade pq me acalma MUITO mas isso me causa falta de atenção 
tô no trabalho, as pessoas falam cmg e eu tô tipo ?????? 
0 produtividade, infelizmente, mas tô calma","FALSE","FALSE","TRUE","2019-09-19","eviellyne","TRUE","2934"
"Muito triste qdo a gte se afasta de algumas pessoas e percebe a vida mais gostosinha! Porém muito feliz tbm","FALSE","FALSE","FALSE","2019-09-19","TheLionTrash","TRUE","2936"
"Vai tomar no cú mano roubou o amor da minha vida, vou matar ele Assim ele não será mais de ninguém — Matar? Se você encostar em um fio de cabelo dele eu te caço até no inferno. Ninguém vai encostar no MEU HOMEM https://t.co/9nkjRiWd4d","FALSE","FALSE","FALSE","2019-09-17","Yoon_1975","TRUE","2938"
"Chorume q pode render uma dor de cabeça com potencial de virar uma enxaqueca daquelas q só um bom advogado pode tentar resolver. Mas só o custo desse paliativo poderá deixar o arremedo de ministro com insônia, aí vai ter q procurar médico em busca de Rivotril. https://t.co/0qiqAX8LOK","FALSE","TRUE","FALSE","2019-09-19","_SilTorres","TRUE","2719"
"cara um dos treco mais estressante da vida de produção é o tal do catering, é um inferno 
será q vai dar será q ta boa será q vai sobrar será quem come primeiro será q tem q guardar pra fulano porra esquecero o pegador de salada cabo o garf 
eu não consigo comer","FALSE","FALSE","FALSE","2019-09-19","tamarabenetti","TRUE","2722"
"Eu acho que o problema é que tipo, eu to muito desgastado emocionalmente sabe ? De verdade mesmo.  Mas tento manter as good vibes pq sem isso vai tudo pra casa com caralho","FALSE","TRUE","FALSE","2019-09-19","LLeozinho78","TRUE","2723"
"Para quem quer perder peso o Chá 17 ervas é uma ótima opção , porque , é um produto 100% natural, diurético, regula o intestino, acelera o metabolismo, diminui o apetite e auxilia na perda de peso de forma saudável ! https://t.co/jvEw2iHcpN https://t.co/NDCRLGYXOh","FALSE","FALSE","FALSE","2019-09-17","CholimSimone","TRUE","2724"
"Treinar dois turnos é foda vei, mas porra cansa pra caralho... E treinar esgotado é muito ruim, começo a falhar, aí me dá mais ódio ainda","FALSE","FALSE","FALSE","2019-09-19","PetinBottoni15","TRUE","2728"
"anna com falta de apetite é uma coisa triste de se ver","FALSE","FALSE","FALSE","2019-09-19","eufaia","TRUE","2729"
"- a senhora está sem energia elétrica 
- si 
- e seu wi-fi não tá funcionando 
-Nã 
- E a senhora está sem wi-fi desde que cortaram a sua energia 
- Meu filho você é burro? Eu quero é wi-fi num é energia nã 
EU MEREÇO UM AUMENTO PQ EU NAO GANHO PRA ISSO","FALSE","FALSE","FALSE","2019-09-19","pretolindoJW","TRUE","2734"
"Comigo não existe essa coisa de “depois de um tempo tu te acostuma com o horário”. Cada dia é um dia, e eu nunca sei se vou conseguir dormir e muito menos acordar na hora que eu preciso. Sinto uma dificuldade IMENSA em acordar. Levo horas para acordar.","FALSE","FALSE","FALSE","2019-09-19","FeAmaral_online","TRUE","2753"
"Acordei muito muito cedo hoje, sem motivos ou até mesmo circunstâncias, agora estou caindo de sono <U+0001F926><U+0001F3FD><U+200D><U+2640><U+FE0F><U+0001F634><U+0001F62A>","FALSE","FALSE","FALSE","2019-09-19","duaneduarte","TRUE","2758"
"A rotina deixa a gnt tão exausto que às vezes me esqueço do quanto eu sempre quis chegar até aqui e  tudo que fiz e tive que abrir mão pra estar aqui hoje","FALSE","FALSE","FALSE","2019-09-19","gutarib","TRUE","2759"
"""Lipomax: menos apetite, mais tempo pra você 
E desde quando comer é perda de tempo, meus queridos? Comer é o sentido da vid Sai fora eu hein","FALSE","FALSE","FALSE","2019-09-18","raquelraposo","TRUE","2764"
"@Dannnm_ Tinha uma vez que tinha que iluminar o lugar antes de usar o animus pq tava sem energia kkkkkkkkkkkkkk","FALSE","FALSE","FALSE","2019-09-19","chaves_lm","TRUE","2789"
"ola sei que mulheres costumam ignorar esse tipo de mensagem mas vamos la, meu nome é matheus tenho 20 anos e sou fotógrafo autodidata desde os 18 Senti uma energia incrivel nas suas fotos no insta (tambem sou de gemeos haha) e queria te convidar pra fazer um ensaio nu sem custo","FALSE","FALSE","FALSE","2019-09-19","BriBrilhante","TRUE","2790"
"@ornitourindo Sinceramente não me parece. Tendo em conta o número de adeptos era no mínimo obrigatório o estádio estar sempre esgotado","FALSE","FALSE","FALSE","2019-09-18","Correia_1904","TRUE","2791"
"Aí agora estou aqui morrendo de sono, e não posso nem consigo dormir porque tá um calor dos inferno.","FALSE","FALSE","FALSE","2019-09-19","cinthyadutra","TRUE","2793"
"Hoje eu treinei muito, to esgotado, acabei de banhar e já já vou capotar que amanhã o dia é longo.","FALSE","FALSE","FALSE","2019-09-19","L_Zocatelli","TRUE","2794"
"Tenho quase 700 pontos e nunca consigo pegar uma experiência no @sociogigante pqp sempre que olho já tá tudo esgotado","FALSE","FALSE","FALSE","2019-09-18","duduotaviano","TRUE","2798"
"Tem estrogonofe aqui em cs mais não consigo comer nada","FALSE","TRUE","FALSE","2019-09-19","mmdds7","TRUE","2804"
"Evidente que ela não traiu. O relacionamento dos dois já estava desgastado. Capitu sempre amou Bentinho, mas não suportava o ciúme excessivo do mesmo. Ela preferiu amar separada a sofrer junto.","FALSE","FALSE","FALSE","2019-09-13","LeviantunesLevi","TRUE","2823"
"Eu tô com extremas dificuldade de dormir a noite, aí eu durmo de manhã até esse horário e fico sendo xingado o resto do dia aqui em casa","FALSE","TRUE","FALSE","2019-09-19","Lisboagui1","TRUE","2824"
"Infelizmente to sem medicamento pra depression e nossa, mudar de empresa, conhecer gente nova, entender o trampo gasta tanto minha energia. E o mais cansativo pra mim é a interação que eu preciso fazer com os outros, nem é o trampo em si.","FALSE","FALSE","TRUE","2019-09-19","alicealiceayres","TRUE","2827"
"Eu fico mto tempo sem comer > meu estômago começa a doer > não consigo almocar/lanchar/jantar > fico mais tempo sem comer > meu estômago doi > não consigo almoç","FALSE","FALSE","FALSE","2019-09-19","pfvrnanis","TRUE","2828"
"Meu bruxismo tá pior e tá todo mundo cagando pra isso, meus dentes já estão ficando desgastados e eu tô com muito medo de ficar muito desgastado, pq eu tô a todo momento rangendo eles. Quando percebo tento parar, mas volto sem notar","FALSE","FALSE","FALSE","2019-09-18","skinnyandslim4","TRUE","2829"
"eu li a seguinte frase: pra qm tem crise de ansiedade, gostar de alguém é o maior castigo que existe. eu nunca li tanta vdd, qlqr palavra mal interpretada, falta de atenção ou até msm 1 discussãozinha boba já tira umas 3 noites de sono, só por vc se sentir tão insuficiente p ele","FALSE","FALSE","FALSE","2019-09-19","PaiDaSarahLinda","TRUE","2940"
"mano 
>dor de cabeça do carai >fome de 3 legiões romana >tp >menstruad >garganta inflamad >febr >catarrent >com 0 vontade de vive >cheia de coisa p faze >sem querer sair da cama","FALSE","FALSE","FALSE","2019-09-19","negofeladaputa","TRUE","2943"
"Eu acho que eu sou uma pessoa muito estranha pq eu gosto de dobra roupa quando eu to estressada ou triste, me acalma tanto é melhor que terapia!","FALSE","FALSE","FALSE","2019-09-19","paola_valee","TRUE","2944"
"Só não me mato pq sei que se eu me matar vou para o inferno e entre sofre mais um pouco e sofre para o resto da vida prefiro sofre mais um pouco","TRUE","FALSE","FALSE","2019-09-19","FabiMoreira557","TRUE","2945"
"meu coração doeu ao ver esse vídeo, deu uma saudade. Eu amo esse clube, ate tento me enganar fingindo que n vou ligar mais, mas eu não consigo! Vamos sair dessa <U+0001F499> https://t.co/Wii23k03qe","FALSE","FALSE","FALSE","2019-09-18","jhully_luiza3","TRUE","2959"
"@stelablack eu gastando os tubos com psicóloga, psiquiatra, neuro e vendo criança na internet falando “ain tenho cr… https://t.co/tzmT9HvL2f","FALSE","FALSE","FALSE","2019-09-12","cahgalvaov","TRUE","2476"
"Depressao:  
Minis: VO RASPA O CABELO","FALSE","FALSE","FALSE","2019-09-12","pagliacci__777","TRUE","2477"
"Acho que preciso informar isso pq muitos dos meus amigos e pessoas que eu gosto de conversar tem ansiedade e depres… https://t.co/WbhoSg7jgE","FALSE","FALSE","FALSE","2019-09-12","moibanshee","TRUE","2478"
"atenção: postagens sobre ajudar na depressão geram alto engajamento social. porém, realmente ajudar na depressão, não gera.","FALSE","FALSE","FALSE","2019-09-12","afchapei","TRUE","2479"
"Talvez a depressão seja uma caralhada de problema e sentimentos horríveis, todos acontecendo ao mesmo tempo","FALSE","FALSE","FALSE","2019-09-12","heey_gabu","TRUE","2480"
"tpm chegando e com ela a depressão","FALSE","FALSE","FALSE","2019-09-12","pupurque","TRUE","2481"
"A depressão esta curando minha pele https://t.co/jpiPgR2bbp","FALSE","FALSE","FALSE","2019-09-12","Gunsxy","TRUE","2482"
"Eu como de tudo, aí fico mal do estômago, aí fico uma semana sem comer e em depressao sofrendo q to mal","FALSE","TRUE","TRUE","2019-09-12","mayyragislon","TRUE","2483"
"Família ridícula, ao invés de chegar e conversar, sai gritando sobre seus problemas principalmente sobre depressao,… https://t.co/Kkkpsy532X","FALSE","FALSE","FALSE","2019-09-12","linno_lucas","TRUE","2484"
"@LoyaneC_ Duas mortes, tcc e escutar Adele Não tenho condições psicológicas para toda essa depressao junta","FALSE","FALSE","TRUE","2019-09-12","LucasPeixoto91","TRUE","2485"
"Talvez a depressão seja uma caralhada de problema e sentimentos horríveis, todos acontecendo ao mesmo tempo","FALSE","FALSE","FALSE","2019-09-12","heey_gabu","TRUE","2486"
"Depressão atinge quase 11 milhões de brasileiros; muitos não têm acesso a tratament #alonews #noticia #informacao… https://t.co/BOR6CybLyP","FALSE","FALSE","FALSE","2019-09-12","portal_alonews","TRUE","2487"
"tive duas horas de sono e tive que aguentar três aulas sobre depressão, suicídio e bullying com os neurotípicos da… https://t.co/IgxGSBvwOt","FALSE","FALSE","FALSE","2019-09-12","gatostevens","TRUE","2488"
"CONTATO COM A NATUREZA PREVINE O ESTRESSE, ANSIEDADE E DEPRESSÃO https://t.co/mBLGGZqwn7","FALSE","FALSE","FALSE","2019-09-12","wagnerdesallesc","TRUE","2489"
"A depressão esta curando minha pele https://t.co/jpiPgR2bbp","FALSE","FALSE","FALSE","2019-09-12","Gunsxy","TRUE","2490"
"Eu como de tudo, aí fico mal do estômago, aí fico uma semana sem comer e em depressao sofrendo q to mal","FALSE","TRUE","TRUE","2019-09-12","mayyragislon","TRUE","2491"
"A principal causa de 11 milhões de brasileiros estarem com depressão reside no fato do país estar sendo, há anos, a… https://t.co/iWjBdWh3Mq","FALSE","FALSE","FALSE","2019-09-12","Romelo86726702","TRUE","2492"
"@LoyaneC_ Duas mortes, tcc e escutar Adele Não tenho condições psicológicas para toda essa depressao junta","FALSE","FALSE","FALSE","2019-09-12","LucasPeixoto91","TRUE","2493"
"segundo o Léo 85% das pessoas que tem iphone sofrem de depressão, por conta da alta qualidade das fotos kkkkkk","FALSE","FALSE","FALSE","2019-09-12","allanromero_","TRUE","2494"
"Tava vendo o profissão repórter ontem e tava falando de depressão","FALSE","FALSE","FALSE","2019-09-12","seuamorlucas","TRUE","2495"
"A professora foi dar uma aulinha de depressão (pq só é importante ou lembrado no mês de setembro) e foi completamente ridículo, mano, eu daria uma aula melhor, to revoltada!","FALSE","FALSE","FALSE","2019-09-12","brunaeduarte","TRUE","2496"
"“Amar a Jesus nem sempre cura pensamentos suicidas. Amar a Jesus nem sempre cura a depressão. Amar Jesus nem sempre cura o TEPT. Amar a Jesus nem sempre cura a ansiedade. Mas isso não significa que Jesus não nos oferece companhia e consolo. Ele sempre faz isso”","FALSE","FALSE","FALSE","2019-09-12","angelasouzabreu","TRUE","2497"
"Setembro amarelo contra a depressão femenicidio Lokal Fit Academia foi top de mas https://t.co/8mgfswLWj3","FALSE","FALSE","FALSE","2019-09-12","clauAMOMEUDEUS","TRUE","2498"
"os boy fingindo depressão, nós fingindo sorriso, nessas eu ganhei patrocínio da colgate","FALSE","FALSE","FALSE","2019-09-12","maiicriss1","TRUE","2499"
